2026-06-23T09:52:14.366+07:00  INFO 10576 --- [springboot] [main] c.w.springboot.helloControllerTest       : Starting helloControllerTest using Java 25.0.3 with PID 10576 (started by chris in D:\Files\WebService\springboot)
2026-06-23T09:52:14.371+07:00 DEBUG 10576 --- [springboot] [main] c.w.springboot.helloControllerTest       : Running with Spring Boot v4.1.0, Spring v7.0.8
2026-06-23T09:52:14.374+07:00  INFO 10576 --- [springboot] [main] c.w.springboot.helloControllerTest       : No active profile set, falling back to 1 default profile: "default"
2026-06-23T09:52:16.096+07:00  INFO 10576 --- [springboot] [main] o.s.b.t.m.w.SpringBootMockServletContext : Initializing Spring TestDispatcherServlet ''
2026-06-23T09:52:16.097+07:00  INFO 10576 --- [springboot] [main] o.s.t.web.servlet.TestDispatcherServlet  : Initializing Servlet ''
2026-06-23T09:52:16.100+07:00  INFO 10576 --- [springboot] [main] o.s.t.web.servlet.TestDispatcherServlet  : Completed initialization in 3 ms
2026-06-23T09:52:16.136+07:00  INFO 10576 --- [springboot] [main] c.w.springboot.helloControllerTest       : Started helloControllerTest in 2.41 seconds (process running for 3.877)
2026-06-23T09:52:17.167+07:00  INFO 10576 --- [springboot] [main] t.c.s.AnnotationConfigContextLoaderUtils : Could not detect default configuration classes for test class [com.webservice.springboot.SpringbootApplicationTests]: SpringbootApplicationTests does not declare any static, non-private, non-final, nested classes annotated with @Configuration.
2026-06-23T09:52:17.169+07:00  INFO 10576 --- [springboot] [main] .b.t.c.SpringBootTestContextBootstrapper : Found @SpringBootConfiguration com.webservice.springboot.SpringbootApplication for test class com.webservice.springboot.SpringbootApplicationTests
2026-06-23T09:52:17.177+07:00  INFO 10576 --- [springboot] [main] t.c.s.AnnotationConfigContextLoaderUtils : Could not detect default configuration classes for test class [com.webservice.springboot.SpringbootApplicationTests]: SpringbootApplicationTests does not declare any static, non-private, non-final, nested classes annotated with @Configuration.
2026-06-23T09:52:17.178+07:00  INFO 10576 --- [springboot] [main] .b.t.c.SpringBootTestContextBootstrapper : Found @SpringBootConfiguration com.webservice.springboot.SpringbootApplication for test class com.webservice.springboot.SpringbootApplicationTests
2026-06-23T09:52:17.284+07:00  INFO 10576 --- [springboot] [main] c.w.s.SpringbootApplicationTests         : Starting SpringbootApplicationTests using Java 25.0.3 with PID 10576 (started by chris in D:\Files\WebService\springboot)
2026-06-23T09:52:17.285+07:00 DEBUG 10576 --- [springboot] [main] c.w.s.SpringbootApplicationTests         : Running with Spring Boot v4.1.0, Spring v7.0.8
2026-06-23T09:52:17.285+07:00  INFO 10576 --- [springboot] [main] c.w.s.SpringbootApplicationTests         : No active profile set, falling back to 1 default profile: "default"
2026-06-23T09:52:18.349+07:00  INFO 10576 --- [springboot] [main] c.w.s.SpringbootApplicationTests         : Started SpringbootApplicationTests in 1.119 seconds (process running for 6.089)
2026-06-23T10:01:45.774+07:00  INFO 10292 --- [springboot] [main] c.w.springboot.helloControllerTest       : Starting helloControllerTest using Java 25.0.3 with PID 10292 (started by chris in D:\Files\WebService\springboot)
2026-06-23T10:01:45.776+07:00 DEBUG 10292 --- [springboot] [main] c.w.springboot.helloControllerTest       : Running with Spring Boot v4.1.0, Spring v7.0.8
2026-06-23T10:01:45.777+07:00  INFO 10292 --- [springboot] [main] c.w.springboot.helloControllerTest       : No active profile set, falling back to 1 default profile: "default"
2026-06-23T10:01:47.384+07:00  INFO 10292 --- [springboot] [main] o.s.b.t.m.w.SpringBootMockServletContext : Initializing Spring TestDispatcherServlet ''
2026-06-23T10:01:47.385+07:00  INFO 10292 --- [springboot] [main] o.s.t.web.servlet.TestDispatcherServlet  : Initializing Servlet ''
2026-06-23T10:01:47.390+07:00  INFO 10292 --- [springboot] [main] o.s.t.web.servlet.TestDispatcherServlet  : Completed initialization in 5 ms
2026-06-23T10:01:47.441+07:00  INFO 10292 --- [springboot] [main] c.w.springboot.helloControllerTest       : Started helloControllerTest in 2.382 seconds (process running for 4.267)
2026-06-23T10:01:48.431+07:00  INFO 10292 --- [springboot] [main] t.c.s.AnnotationConfigContextLoaderUtils : Could not detect default configuration classes for test class [com.webservice.springboot.SpringbootApplicationTests]: SpringbootApplicationTests does not declare any static, non-private, non-final, nested classes annotated with @Configuration.
2026-06-23T10:01:48.438+07:00  INFO 10292 --- [springboot] [main] .b.t.c.SpringBootTestContextBootstrapper : Found @SpringBootConfiguration com.webservice.springboot.SpringbootApplication for test class com.webservice.springboot.SpringbootApplicationTests
2026-06-23T10:01:48.443+07:00  INFO 10292 --- [springboot] [main] t.c.s.AnnotationConfigContextLoaderUtils : Could not detect default configuration classes for test class [com.webservice.springboot.SpringbootApplicationTests]: SpringbootApplicationTests does not declare any static, non-private, non-final, nested classes annotated with @Configuration.
2026-06-23T10:01:48.450+07:00  INFO 10292 --- [springboot] [main] .b.t.c.SpringBootTestContextBootstrapper : Found @SpringBootConfiguration com.webservice.springboot.SpringbootApplication for test class com.webservice.springboot.SpringbootApplicationTests
2026-06-23T10:01:48.505+07:00  INFO 10292 --- [springboot] [main] c.w.s.SpringbootApplicationTests         : Starting SpringbootApplicationTests using Java 25.0.3 with PID 10292 (started by chris in D:\Files\WebService\springboot)
2026-06-23T10:01:48.506+07:00 DEBUG 10292 --- [springboot] [main] c.w.s.SpringbootApplicationTests         : Running with Spring Boot v4.1.0, Spring v7.0.8
2026-06-23T10:01:48.506+07:00  INFO 10292 --- [springboot] [main] c.w.s.SpringbootApplicationTests         : No active profile set, falling back to 1 default profile: "default"
2026-06-23T10:01:48.987+07:00  INFO 10292 --- [springboot] [main] .s.d.r.c.RepositoryConfigurationDelegate : Bootstrapping Spring Data JPA repositories in DEFAULT mode.
2026-06-23T10:01:49.039+07:00  INFO 10292 --- [springboot] [main] .s.d.r.c.RepositoryConfigurationDelegate : Finished Spring Data repository scanning in 39 ms. Found 1 JPA repository interface.
2026-06-23T10:01:49.446+07:00  INFO 10292 --- [springboot] [main] org.hibernate.orm.jpa                    : HHH008540: Processing PersistenceUnitInfo [name: default]
2026-06-23T10:01:49.519+07:00  INFO 10292 --- [springboot] [main] org.hibernate.orm.core                   : HHH000001: Hibernate ORM core version 7.4.1.Final
2026-06-23T10:01:49.955+07:00  INFO 10292 --- [springboot] [main] o.s.o.j.p.SpringPersistenceUnitInfo      : No LoadTimeWeaver setup: ignoring JPA class transformer
2026-06-23T10:01:50.000+07:00  INFO 10292 --- [springboot] [main] com.zaxxer.hikari.HikariDataSource       : HikariPool-1 - Starting...
2026-06-23T10:01:50.402+07:00  INFO 10292 --- [springboot] [main] com.zaxxer.hikari.pool.HikariPool        : HikariPool-1 - Added connection conn0: url=jdbc:h2:mem:testdb user=SA
2026-06-23T10:01:50.408+07:00  INFO 10292 --- [springboot] [main] com.zaxxer.hikari.HikariDataSource       : HikariPool-1 - Start completed.
2026-06-23T10:01:50.510+07:00  INFO 10292 --- [springboot] [main] org.hibernate.orm.connections.pooling    : HHH10001005: Database info:
	Database JDBC URL [jdbc:h2:mem:testdb]
	Database driver: H2 JDBC Driver
	Database dialect: H2Dialect
	Database version: 2.4.240
	Default catalog/schema: TESTDB/PUBLIC
	Autocommit mode: undefined/unknown
	Isolation level: READ_COMMITTED [default READ_COMMITTED]
	JDBC fetch size: 100
	Pool: DataSourceConnectionProvider
	Minimum pool size: undefined/unknown
	Maximum pool size: undefined/unknown
2026-06-23T10:01:51.918+07:00  INFO 10292 --- [springboot] [main] org.hibernate.orm.core                   : HHH000489: No JTA platform available (set 'hibernate.transaction.jta.platform' to enable JTA platform integration)
2026-06-23T10:01:51.988+07:00  INFO 10292 --- [springboot] [main] j.LocalContainerEntityManagerFactoryBean : Initialized JPA EntityManagerFactory for persistence unit 'default'
2026-06-23T10:01:52.091+07:00  INFO 10292 --- [springboot] [main] o.s.d.j.r.query.QueryEnhancerFactories   : Hibernate is in classpath; If applicable, HQL parser will be used.
2026-06-23T10:01:52.271+07:00  WARN 10292 --- [springboot] [main] JpaBaseConfiguration$JpaWebConfiguration : spring.jpa.open-in-view is enabled by default. Therefore, database queries may be performed during view rendering. Explicitly configure spring.jpa.open-in-view to disable this warning
2026-06-23T10:01:52.564+07:00  INFO 10292 --- [springboot] [main] c.w.s.SpringbootApplicationTests         : Started SpringbootApplicationTests in 4.097 seconds (process running for 9.389)
2026-06-23T10:01:52.643+07:00  INFO 10292 --- [springboot] [SpringApplicationShutdownHook] j.LocalContainerEntityManagerFactoryBean : Closing JPA EntityManagerFactory for persistence unit 'default'
2026-06-23T10:01:52.647+07:00  INFO 10292 --- [springboot] [SpringApplicationShutdownHook] com.zaxxer.hikari.HikariDataSource       : HikariPool-1 - Shutdown initiated...
2026-06-23T10:01:52.654+07:00  INFO 10292 --- [springboot] [SpringApplicationShutdownHook] com.zaxxer.hikari.HikariDataSource       : HikariPool-1 - Shutdown completed.
2026-06-23T10:04:42.401+07:00  INFO 8208 --- [springboot] [main] c.w.springboot.SpringbootApplication     : Starting SpringbootApplication using Java 25.0.3 with PID 8208 (D:\Files\WebService\springboot\target\classes started by chris in D:\Files\WebService\springboot)
2026-06-23T10:04:42.403+07:00 DEBUG 8208 --- [springboot] [main] c.w.springboot.SpringbootApplication     : Running with Spring Boot v4.1.0, Spring v7.0.8
2026-06-23T10:04:42.404+07:00  INFO 8208 --- [springboot] [main] c.w.springboot.SpringbootApplication     : No active profile set, falling back to 1 default profile: "default"
2026-06-23T10:04:43.010+07:00  INFO 8208 --- [springboot] [main] .s.d.r.c.RepositoryConfigurationDelegate : Bootstrapping Spring Data JPA repositories in DEFAULT mode.
2026-06-23T10:04:43.062+07:00  INFO 8208 --- [springboot] [main] .s.d.r.c.RepositoryConfigurationDelegate : Finished Spring Data repository scanning in 41 ms. Found 1 JPA repository interface.
2026-06-23T10:04:43.518+07:00  INFO 8208 --- [springboot] [main] o.s.boot.tomcat.TomcatWebServer          : Tomcat initialized with port 8081 (http)
2026-06-23T10:04:43.536+07:00  INFO 8208 --- [springboot] [main] o.apache.catalina.core.StandardService   : Starting service [Tomcat]
2026-06-23T10:04:43.537+07:00  INFO 8208 --- [springboot] [main] o.apache.catalina.core.StandardEngine    : Starting Servlet engine: [Apache Tomcat/11.0.22]
2026-06-23T10:04:43.622+07:00  INFO 8208 --- [springboot] [main] b.w.c.s.WebApplicationContextInitializer : Root WebApplicationContext: initialization completed in 1166 ms
2026-06-23T10:04:43.798+07:00  INFO 8208 --- [springboot] [main] org.hibernate.orm.jpa                    : HHH008540: Processing PersistenceUnitInfo [name: default]
2026-06-23T10:04:43.855+07:00  INFO 8208 --- [springboot] [main] org.hibernate.orm.core                   : HHH000001: Hibernate ORM core version 7.4.1.Final
2026-06-23T10:04:44.285+07:00  INFO 8208 --- [springboot] [main] o.s.o.j.p.SpringPersistenceUnitInfo      : No LoadTimeWeaver setup: ignoring JPA class transformer
2026-06-23T10:04:44.318+07:00  INFO 8208 --- [springboot] [main] com.zaxxer.hikari.HikariDataSource       : HikariPool-1 - Starting...
2026-06-23T10:04:44.486+07:00  INFO 8208 --- [springboot] [main] com.zaxxer.hikari.pool.HikariPool        : HikariPool-1 - Added connection conn0: url=jdbc:h2:mem:testdb user=SA
2026-06-23T10:04:44.488+07:00  INFO 8208 --- [springboot] [main] com.zaxxer.hikari.HikariDataSource       : HikariPool-1 - Start completed.
2026-06-23T10:04:44.562+07:00  INFO 8208 --- [springboot] [main] org.hibernate.orm.connections.pooling    : HHH10001005: Database info:
	Database JDBC URL [jdbc:h2:mem:testdb]
	Database driver: H2 JDBC Driver
	Database dialect: H2Dialect
	Database version: 2.4.240
	Default catalog/schema: TESTDB/PUBLIC
	Autocommit mode: undefined/unknown
	Isolation level: READ_COMMITTED [default READ_COMMITTED]
	JDBC fetch size: 100
	Pool: DataSourceConnectionProvider
	Minimum pool size: undefined/unknown
	Maximum pool size: undefined/unknown
2026-06-23T10:04:45.448+07:00  INFO 8208 --- [springboot] [main] org.hibernate.orm.core                   : HHH000489: No JTA platform available (set 'hibernate.transaction.jta.platform' to enable JTA platform integration)
2026-06-23T10:04:45.515+07:00  INFO 8208 --- [springboot] [main] j.LocalContainerEntityManagerFactoryBean : Initialized JPA EntityManagerFactory for persistence unit 'default'
2026-06-23T10:04:45.595+07:00  INFO 8208 --- [springboot] [main] o.s.d.j.r.query.QueryEnhancerFactories   : Hibernate is in classpath; If applicable, HQL parser will be used.
2026-06-23T10:04:45.721+07:00  WARN 8208 --- [springboot] [main] JpaBaseConfiguration$JpaWebConfiguration : spring.jpa.open-in-view is enabled by default. Therefore, database queries may be performed during view rendering. Explicitly configure spring.jpa.open-in-view to disable this warning
2026-06-23T10:04:46.096+07:00  INFO 8208 --- [springboot] [main] o.s.boot.tomcat.TomcatWebServer          : Tomcat started on port 8081 (http) with context path '/'
2026-06-23T10:04:46.101+07:00  INFO 8208 --- [springboot] [main] c.w.springboot.SpringbootApplication     : Started SpringbootApplication in 4.168 seconds (process running for 4.61)
2026-06-23T10:05:00.687+07:00  INFO 8208 --- [springboot] [http-nio-8081-exec-1] o.a.c.c.C.[Tomcat].[localhost].[/]       : Initializing Spring DispatcherServlet 'dispatcherServlet'
2026-06-23T10:05:00.688+07:00  INFO 8208 --- [springboot] [http-nio-8081-exec-1] o.s.web.servlet.DispatcherServlet        : Initializing Servlet 'dispatcherServlet'
2026-06-23T10:05:00.689+07:00  INFO 8208 --- [springboot] [http-nio-8081-exec-1] o.s.web.servlet.DispatcherServlet        : Completed initialization in 1 ms
2026-06-23T10:05:29.281+07:00  INFO 8208 --- [springboot] [SpringApplicationShutdownHook] o.s.boot.tomcat.GracefulShutdown         : Commencing graceful shutdown. Waiting for active requests to complete
2026-06-23T10:05:29.290+07:00  INFO 8208 --- [springboot] [tomcat-shutdown] o.s.boot.tomcat.GracefulShutdown         : Graceful shutdown complete
2026-06-23T10:05:29.294+07:00  INFO 8208 --- [springboot] [SpringApplicationShutdownHook] j.LocalContainerEntityManagerFactoryBean : Closing JPA EntityManagerFactory for persistence unit 'default'
2026-06-23T10:05:29.296+07:00  INFO 8208 --- [springboot] [SpringApplicationShutdownHook] com.zaxxer.hikari.HikariDataSource       : HikariPool-1 - Shutdown initiated...
2026-06-23T10:05:29.299+07:00  INFO 8208 --- [springboot] [SpringApplicationShutdownHook] com.zaxxer.hikari.HikariDataSource       : HikariPool-1 - Shutdown completed.
2026-06-23T19:40:07.062+07:00  INFO 6724 --- [springboot] [main] c.w.springboot.helloControllerTest       : Starting helloControllerTest using Java 25.0.3 with PID 6724 (started by chris in D:\Files\WebService\springboot)
2026-06-23T19:40:07.065+07:00 DEBUG 6724 --- [springboot] [main] c.w.springboot.helloControllerTest       : Running with Spring Boot v4.1.0, Spring v7.0.8
2026-06-23T19:40:07.066+07:00  INFO 6724 --- [springboot] [main] c.w.springboot.helloControllerTest       : No active profile set, falling back to 1 default profile: "default"
2026-06-23T19:40:07.911+07:00  WARN 6724 --- [springboot] [main] o.s.w.c.s.GenericWebApplicationContext   : Exception encountered during context initialization - cancelling refresh attempt: org.springframework.beans.factory.UnsatisfiedDependencyException: Error creating bean with name 'helloController' defined in file [D:\Files\WebService\springboot\target\classes\com\webservice\springboot\helloController.class]: Unsatisfied dependency expressed through constructor parameter 0: No qualifying bean of type 'com.webservice.springboot.helloRepository' available: expected at least 1 bean which qualifies as autowire candidate. Dependency annotations: {}
2026-06-23T19:40:07.924+07:00  INFO 6724 --- [springboot] [main] .s.b.a.l.ConditionEvaluationReportLogger : 

Error starting ApplicationContext. To display the condition evaluation report re-run your application with 'debug' enabled.
2026-06-23T19:40:07.962+07:00 ERROR 6724 --- [springboot] [main] o.s.b.d.LoggingFailureAnalysisReporter   : 

***************************
APPLICATION FAILED TO START
***************************

Description:

Parameter 0 of constructor in com.webservice.springboot.helloController required a bean of type 'com.webservice.springboot.helloRepository' that could not be found.


Action:

Consider defining a bean of type 'com.webservice.springboot.helloRepository' in your configuration.

2026-06-23T19:40:07.967+07:00  WARN 6724 --- [springboot] [main] o.s.test.context.TestContextManager      : Caught exception while allowing TestExecutionListener [org.springframework.test.context.support.DependencyInjectionTestExecutionListener] to prepare test instance [com.webservice.springboot.helloControllerTest@7f4701b1]

java.lang.IllegalStateException: Failed to load ApplicationContext for [WebMergedContextConfiguration@1823b9c4 testClass = com.webservice.springboot.helloControllerTest, locations = [], classes = [com.webservice.springboot.SpringbootApplication], contextInitializerClasses = [], activeProfiles = [], propertySourceDescriptors = [], propertySourceProperties = ["org.springframework.boot.webmvc.test.autoconfigure.WebMvcTestContextBootstrapper=true"], contextCustomizers = [[ImportsContextCustomizer@5b5dce5c key = [org.springframework.boot.data.autoconfigure.web.DataWebAutoConfiguration, org.springframework.boot.autoconfigure.task.TaskExecutionAutoConfiguration, org.springframework.boot.webmvc.autoconfigure.error.ErrorMvcAutoConfiguration, org.springframework.boot.webmvc.autoconfigure.WebMvcAutoConfiguration, org.springframework.boot.http.converter.autoconfigure.HttpMessageConvertersAutoConfiguration, org.springframework.boot.webmvc.test.autoconfigure.MockMvcWebDriverAutoConfiguration, org.springframework.boot.jackson.autoconfigure.JacksonAutoConfiguration, org.springframework.boot.webmvc.test.autoconfigure.MockMvcWebClientAutoConfiguration, org.springframework.boot.autoconfigure.context.MessageSourceAutoConfiguration, org.springframework.boot.servlet.autoconfigure.HttpEncodingAutoConfiguration, org.springframework.boot.webmvc.test.autoconfigure.MockMvcAutoConfiguration]], org.springframework.boot.test.context.PropertyMappingContextCustomizer@2d298995, org.springframework.boot.test.context.filter.ExcludeFilterContextCustomizer@7a48e6e2, org.springframework.boot.test.context.filter.annotation.TypeExcludeFiltersContextCustomizer@e6addf6b, org.springframework.boot.test.json.DuplicateJsonObjectContextCustomizerFactory$DuplicateJsonObjectContextCustomizer@3d08f3f5, org.springframework.boot.test.autoconfigure.OnFailureConditionReportContextCustomizerFactory$OnFailureConditionReportContextCustomizer@5b970f7, org.springframework.boot.test.autoconfigure.OverrideAutoConfigurationContextCustomizerFactory$DisableAutoConfigurationContextCustomizer@756cf158, org.springframework.test.context.support.DynamicPropertiesContextCustomizer@0, org.springframework.boot.webmvc.test.autoconfigure.WebDriverContextCustomizer@63c5efee, org.springframework.boot.web.server.context.SpringBootTestRandomPortContextCustomizer@172ca72b, org.springframework.boot.test.context.SpringBootTestAnnotation@44037813], resourceBasePath = "src/main/webapp", contextLoader = org.springframework.boot.test.context.SpringBootContextLoader, parent = null]
	at org.springframework.test.context.cache.DefaultCacheAwareContextLoaderDelegate.lambda$loadContext$0(DefaultCacheAwareContextLoaderDelegate.java:195) ~[spring-test-7.0.8.jar:7.0.8]
	at org.springframework.test.context.cache.DefaultContextCache.put(DefaultContextCache.java:214) ~[spring-test-7.0.8.jar:7.0.8]
	at org.springframework.test.context.cache.DefaultCacheAwareContextLoaderDelegate.loadContext(DefaultCacheAwareContextLoaderDelegate.java:160) ~[spring-test-7.0.8.jar:7.0.8]
	at org.springframework.test.context.support.DefaultTestContext.getApplicationContext(DefaultTestContext.java:128) ~[spring-test-7.0.8.jar:7.0.8]
	at org.springframework.test.context.support.DependencyInjectionTestExecutionListener.injectDependencies(DependencyInjectionTestExecutionListener.java:156) ~[spring-test-7.0.8.jar:7.0.8]
	at org.springframework.test.context.support.DependencyInjectionTestExecutionListener.prepareTestInstance(DependencyInjectionTestExecutionListener.java:111) ~[spring-test-7.0.8.jar:7.0.8]
	at org.springframework.test.context.TestContextManager.prepareTestInstance(TestContextManager.java:260) ~[spring-test-7.0.8.jar:7.0.8]
	at org.springframework.test.context.junit.jupiter.SpringExtension.postProcessTestInstance(SpringExtension.java:242) ~[spring-test-7.0.8.jar:7.0.8]
	at org.junit.jupiter.engine.descriptor.ClassBasedTestDescriptor.lambda$invokeTestInstancePostProcessors$1(ClassBasedTestDescriptor.java:423) ~[junit-jupiter-engine-6.0.3.jar:6.0.3]
	at org.junit.jupiter.engine.descriptor.ClassBasedTestDescriptor.executeAndMaskThrowable(ClassBasedTestDescriptor.java:428) ~[junit-jupiter-engine-6.0.3.jar:6.0.3]
	at org.junit.jupiter.engine.descriptor.ClassBasedTestDescriptor.lambda$invokeTestInstancePostProcessors$0(ClassBasedTestDescriptor.java:422) ~[junit-jupiter-engine-6.0.3.jar:6.0.3]
	at java.base/java.util.stream.ForEachOps$ForEachOp$OfRef.accept(ForEachOps.java:186) ~[na:na]
	at java.base/java.util.stream.ReferencePipeline$3$1.accept(ReferencePipeline.java:214) ~[na:na]
	at java.base/java.util.stream.ReferencePipeline$2$1.accept(ReferencePipeline.java:197) ~[na:na]
	at java.base/java.util.stream.ReferencePipeline$3$1.accept(ReferencePipeline.java:214) ~[na:na]
	at java.base/java.util.ArrayList$ArrayListSpliterator.forEachRemaining(ArrayList.java:1716) ~[na:na]
	at java.base/java.util.stream.AbstractPipeline.copyInto(AbstractPipeline.java:570) ~[na:na]
	at java.base/java.util.stream.AbstractPipeline.wrapAndCopyInto(AbstractPipeline.java:560) ~[na:na]
	at java.base/java.util.stream.ForEachOps$ForEachOp.evaluateSequential(ForEachOps.java:153) ~[na:na]
	at java.base/java.util.stream.ForEachOps$ForEachOp$OfRef.evaluateSequential(ForEachOps.java:176) ~[na:na]
	at java.base/java.util.stream.AbstractPipeline.evaluate(AbstractPipeline.java:265) ~[na:na]
	at java.base/java.util.stream.ReferencePipeline.forEach(ReferencePipeline.java:632) ~[na:na]
	at org.junit.jupiter.engine.descriptor.ClassBasedTestDescriptor.invokeTestInstancePostProcessors(ClassBasedTestDescriptor.java:422) ~[junit-jupiter-engine-6.0.3.jar:6.0.3]
	at org.junit.jupiter.engine.descriptor.ClassBasedTestDescriptor.lambda$instantiateAndPostProcessTestInstance$0(ClassBasedTestDescriptor.java:334) ~[junit-jupiter-engine-6.0.3.jar:6.0.3]
	at org.junit.platform.engine.support.hierarchical.ThrowableCollector.execute(ThrowableCollector.java:74) ~[junit-platform-engine-6.0.3.jar:6.0.3]
	at org.junit.jupiter.engine.descriptor.ClassBasedTestDescriptor.instantiateAndPostProcessTestInstance(ClassBasedTestDescriptor.java:333) ~[junit-jupiter-engine-6.0.3.jar:6.0.3]
	at org.junit.jupiter.engine.descriptor.ClassBasedTestDescriptor.lambda$testInstancesProvider$1(ClassBasedTestDescriptor.java:322) ~[junit-jupiter-engine-6.0.3.jar:6.0.3]
	at java.base/java.util.Optional.orElseGet(Optional.java:364) ~[na:na]
	at org.junit.jupiter.engine.descriptor.ClassBasedTestDescriptor.lambda$testInstancesProvider$0(ClassBasedTestDescriptor.java:321) ~[junit-jupiter-engine-6.0.3.jar:6.0.3]
	at org.junit.jupiter.engine.execution.TestInstancesProvider.getTestInstances(TestInstancesProvider.java:27) ~[junit-jupiter-engine-6.0.3.jar:6.0.3]
	at org.junit.jupiter.engine.descriptor.TestMethodTestDescriptor.lambda$prepare$0(TestMethodTestDescriptor.java:127) ~[junit-jupiter-engine-6.0.3.jar:6.0.3]
	at org.junit.platform.engine.support.hierarchical.ThrowableCollector.execute(ThrowableCollector.java:74) ~[junit-platform-engine-6.0.3.jar:6.0.3]
	at org.junit.jupiter.engine.descriptor.TestMethodTestDescriptor.prepare(TestMethodTestDescriptor.java:126) ~[junit-jupiter-engine-6.0.3.jar:6.0.3]
	at org.junit.jupiter.engine.descriptor.TestMethodTestDescriptor.prepare(TestMethodTestDescriptor.java:70) ~[junit-jupiter-engine-6.0.3.jar:6.0.3]
	at org.junit.platform.engine.support.hierarchical.NodeTestTask.lambda$prepare$0(NodeTestTask.java:144) ~[junit-platform-engine-6.0.3.jar:6.0.3]
	at org.junit.platform.engine.support.hierarchical.ThrowableCollector.execute(ThrowableCollector.java:74) ~[junit-platform-engine-6.0.3.jar:6.0.3]
	at org.junit.platform.engine.support.hierarchical.NodeTestTask.prepare(NodeTestTask.java:144) ~[junit-platform-engine-6.0.3.jar:6.0.3]
	at org.junit.platform.engine.support.hierarchical.NodeTestTask.execute(NodeTestTask.java:110) ~[junit-platform-engine-6.0.3.jar:6.0.3]
	at java.base/java.util.ArrayList.forEach(ArrayList.java:1604) ~[na:na]
	at org.junit.platform.engine.support.hierarchical.SameThreadHierarchicalTestExecutorService.invokeAll(SameThreadHierarchicalTestExecutorService.java:42) ~[junit-platform-engine-6.0.3.jar:6.0.3]
	at org.junit.platform.engine.support.hierarchical.NodeTestTask.lambda$executeRecursively$2(NodeTestTask.java:180) ~[junit-platform-engine-6.0.3.jar:6.0.3]
	at org.junit.platform.engine.support.hierarchical.ThrowableCollector.execute(ThrowableCollector.java:74) ~[junit-platform-engine-6.0.3.jar:6.0.3]
	at org.junit.platform.engine.support.hierarchical.NodeTestTask.lambda$executeRecursively$1(NodeTestTask.java:166) ~[junit-platform-engine-6.0.3.jar:6.0.3]
	at org.junit.platform.engine.support.hierarchical.Node.around(Node.java:138) ~[junit-platform-engine-6.0.3.jar:6.0.3]
	at org.junit.platform.engine.support.hierarchical.NodeTestTask.lambda$executeRecursively$0(NodeTestTask.java:164) ~[junit-platform-engine-6.0.3.jar:6.0.3]
	at org.junit.platform.engine.support.hierarchical.ThrowableCollector.execute(ThrowableCollector.java:74) ~[junit-platform-engine-6.0.3.jar:6.0.3]
	at org.junit.platform.engine.support.hierarchical.NodeTestTask.executeRecursively(NodeTestTask.java:163) ~[junit-platform-engine-6.0.3.jar:6.0.3]
	at org.junit.platform.engine.support.hierarchical.NodeTestTask.execute(NodeTestTask.java:116) ~[junit-platform-engine-6.0.3.jar:6.0.3]
	at java.base/java.util.ArrayList.forEach(ArrayList.java:1604) ~[na:na]
	at org.junit.platform.engine.support.hierarchical.SameThreadHierarchicalTestExecutorService.invokeAll(SameThreadHierarchicalTestExecutorService.java:42) ~[junit-platform-engine-6.0.3.jar:6.0.3]
	at org.junit.platform.engine.support.hierarchical.NodeTestTask.lambda$executeRecursively$2(NodeTestTask.java:180) ~[junit-platform-engine-6.0.3.jar:6.0.3]
	at org.junit.platform.engine.support.hierarchical.ThrowableCollector.execute(ThrowableCollector.java:74) ~[junit-platform-engine-6.0.3.jar:6.0.3]
	at org.junit.platform.engine.support.hierarchical.NodeTestTask.lambda$executeRecursively$1(NodeTestTask.java:166) ~[junit-platform-engine-6.0.3.jar:6.0.3]
	at org.junit.platform.engine.support.hierarchical.Node.around(Node.java:138) ~[junit-platform-engine-6.0.3.jar:6.0.3]
	at org.junit.platform.engine.support.hierarchical.NodeTestTask.lambda$executeRecursively$0(NodeTestTask.java:164) ~[junit-platform-engine-6.0.3.jar:6.0.3]
	at org.junit.platform.engine.support.hierarchical.ThrowableCollector.execute(ThrowableCollector.java:74) ~[junit-platform-engine-6.0.3.jar:6.0.3]
	at org.junit.platform.engine.support.hierarchical.NodeTestTask.executeRecursively(NodeTestTask.java:163) ~[junit-platform-engine-6.0.3.jar:6.0.3]
	at org.junit.platform.engine.support.hierarchical.NodeTestTask.execute(NodeTestTask.java:116) ~[junit-platform-engine-6.0.3.jar:6.0.3]
	at org.junit.platform.engine.support.hierarchical.SameThreadHierarchicalTestExecutorService.submit(SameThreadHierarchicalTestExecutorService.java:36) ~[junit-platform-engine-6.0.3.jar:6.0.3]
	at org.junit.platform.engine.support.hierarchical.HierarchicalTestExecutor.execute(HierarchicalTestExecutor.java:52) ~[junit-platform-engine-6.0.3.jar:6.0.3]
	at org.junit.platform.engine.support.hierarchical.HierarchicalTestEngine.execute(HierarchicalTestEngine.java:58) ~[junit-platform-engine-6.0.3.jar:6.0.3]
	at org.junit.platform.launcher.core.EngineExecutionOrchestrator.executeEngine(EngineExecutionOrchestrator.java:246) ~[junit-platform-launcher-6.0.3.jar:6.0.3]
	at org.junit.platform.launcher.core.EngineExecutionOrchestrator.failOrExecuteEngine(EngineExecutionOrchestrator.java:218) ~[junit-platform-launcher-6.0.3.jar:6.0.3]
	at org.junit.platform.launcher.core.EngineExecutionOrchestrator.execute(EngineExecutionOrchestrator.java:179) ~[junit-platform-launcher-6.0.3.jar:6.0.3]
	at org.junit.platform.launcher.core.EngineExecutionOrchestrator.execute(EngineExecutionOrchestrator.java:108) ~[junit-platform-launcher-6.0.3.jar:6.0.3]
	at org.junit.platform.launcher.core.EngineExecutionOrchestrator.lambda$execute$0(EngineExecutionOrchestrator.java:66) ~[junit-platform-launcher-6.0.3.jar:6.0.3]
	at org.junit.platform.launcher.core.EngineExecutionOrchestrator.withInterceptedStreams(EngineExecutionOrchestrator.java:157) ~[junit-platform-launcher-6.0.3.jar:6.0.3]
	at org.junit.platform.launcher.core.EngineExecutionOrchestrator.execute(EngineExecutionOrchestrator.java:65) ~[junit-platform-launcher-6.0.3.jar:6.0.3]
	at org.junit.platform.launcher.core.DefaultLauncher.execute(DefaultLauncher.java:125) ~[junit-platform-launcher-6.0.3.jar:6.0.3]
	at org.junit.platform.launcher.core.DefaultLauncher.execute(DefaultLauncher.java:114) ~[junit-platform-launcher-6.0.3.jar:6.0.3]
	at org.junit.platform.launcher.core.DelegatingLauncher.execute(DelegatingLauncher.java:58) ~[junit-platform-launcher-6.0.3.jar:6.0.3]
	at org.junit.platform.launcher.core.InterceptingLauncher.lambda$execute$2(InterceptingLauncher.java:57) ~[junit-platform-launcher-6.0.3.jar:6.0.3]
	at org.junit.platform.launcher.core.ClasspathAlignmentCheckingLauncherInterceptor.intercept(ClasspathAlignmentCheckingLauncherInterceptor.java:25) ~[junit-platform-launcher-6.0.3.jar:6.0.3]
	at org.junit.platform.launcher.core.InterceptingLauncher.execute(InterceptingLauncher.java:56) ~[junit-platform-launcher-6.0.3.jar:6.0.3]
	at org.junit.platform.launcher.core.DelegatingLauncher.execute(DelegatingLauncher.java:58) ~[junit-platform-launcher-6.0.3.jar:6.0.3]
	at java.base/jdk.internal.reflect.DirectMethodHandleAccessor.invoke(DirectMethodHandleAccessor.java:104) ~[na:na]
	at java.base/java.lang.reflect.Method.invoke(Method.java:565) ~[na:na]
	at org.apache.maven.surefire.api.util.ReflectionUtils.invokeMethodWithArray(ReflectionUtils.java:125) ~[surefire-api-3.5.6.jar:3.5.6]
	at org.apache.maven.surefire.junitplatform.LauncherAdapter.executeWithCancellationToken(LauncherAdapter.java:68) ~[surefire-junit-platform-3.5.6.jar:3.5.6]
	at org.apache.maven.surefire.junitplatform.LauncherAdapter.execute(LauncherAdapter.java:54) ~[surefire-junit-platform-3.5.6.jar:3.5.6]
	at org.apache.maven.surefire.junitplatform.JUnitPlatformProvider.execute(JUnitPlatformProvider.java:203) ~[surefire-junit-platform-3.5.6.jar:3.5.6]
	at org.apache.maven.surefire.junitplatform.JUnitPlatformProvider.invokeAllTests(JUnitPlatformProvider.java:168) ~[surefire-junit-platform-3.5.6.jar:3.5.6]
	at org.apache.maven.surefire.junitplatform.JUnitPlatformProvider.invoke(JUnitPlatformProvider.java:136) ~[surefire-junit-platform-3.5.6.jar:3.5.6]
	at org.apache.maven.surefire.booter.ForkedBooter.runSuitesInProcess(ForkedBooter.java:385) ~[surefire-booter-3.5.6.jar:3.5.6]
	at org.apache.maven.surefire.booter.ForkedBooter.execute(ForkedBooter.java:162) ~[surefire-booter-3.5.6.jar:3.5.6]
	at org.apache.maven.surefire.booter.ForkedBooter.run(ForkedBooter.java:507) ~[surefire-booter-3.5.6.jar:3.5.6]
	at org.apache.maven.surefire.booter.ForkedBooter.main(ForkedBooter.java:495) ~[surefire-booter-3.5.6.jar:3.5.6]
Caused by: org.springframework.beans.factory.UnsatisfiedDependencyException: Error creating bean with name 'helloController' defined in file [D:\Files\WebService\springboot\target\classes\com\webservice\springboot\helloController.class]: Unsatisfied dependency expressed through constructor parameter 0: No qualifying bean of type 'com.webservice.springboot.helloRepository' available: expected at least 1 bean which qualifies as autowire candidate. Dependency annotations: {}
	at org.springframework.beans.factory.support.ConstructorResolver.createArgumentArray(ConstructorResolver.java:804) ~[spring-beans-7.0.8.jar:7.0.8]
	at org.springframework.beans.factory.support.ConstructorResolver.autowireConstructor(ConstructorResolver.java:240) ~[spring-beans-7.0.8.jar:7.0.8]
	at org.springframework.beans.factory.support.AbstractAutowireCapableBeanFactory.autowireConstructor(AbstractAutowireCapableBeanFactory.java:1380) ~[spring-beans-7.0.8.jar:7.0.8]
	at org.springframework.beans.factory.support.AbstractAutowireCapableBeanFactory.createBeanInstance(AbstractAutowireCapableBeanFactory.java:1219) ~[spring-beans-7.0.8.jar:7.0.8]
	at org.springframework.beans.factory.support.AbstractAutowireCapableBeanFactory.doCreateBean(AbstractAutowireCapableBeanFactory.java:565) ~[spring-beans-7.0.8.jar:7.0.8]
	at org.springframework.beans.factory.support.AbstractAutowireCapableBeanFactory.createBean(AbstractAutowireCapableBeanFactory.java:525) ~[spring-beans-7.0.8.jar:7.0.8]
	at org.springframework.beans.factory.support.AbstractBeanFactory.lambda$doGetBean$0(AbstractBeanFactory.java:333) ~[spring-beans-7.0.8.jar:7.0.8]
	at org.springframework.beans.factory.support.DefaultSingletonBeanRegistry.getSingleton(DefaultSingletonBeanRegistry.java:371) ~[spring-beans-7.0.8.jar:7.0.8]
	at org.springframework.beans.factory.support.AbstractBeanFactory.doGetBean(AbstractBeanFactory.java:331) ~[spring-beans-7.0.8.jar:7.0.8]
	at org.springframework.beans.factory.support.AbstractBeanFactory.getBean(AbstractBeanFactory.java:196) ~[spring-beans-7.0.8.jar:7.0.8]
	at org.springframework.beans.factory.support.DefaultListableBeanFactory.instantiateSingleton(DefaultListableBeanFactory.java:1225) ~[spring-beans-7.0.8.jar:7.0.8]
	at org.springframework.beans.factory.support.DefaultListableBeanFactory.preInstantiateSingleton(DefaultListableBeanFactory.java:1191) ~[spring-beans-7.0.8.jar:7.0.8]
	at org.springframework.beans.factory.support.DefaultListableBeanFactory.preInstantiateSingletons(DefaultListableBeanFactory.java:1121) ~[spring-beans-7.0.8.jar:7.0.8]
	at org.springframework.context.support.AbstractApplicationContext.finishBeanFactoryInitialization(AbstractApplicationContext.java:994) ~[spring-context-7.0.8.jar:7.0.8]
	at org.springframework.context.support.AbstractApplicationContext.refresh(AbstractApplicationContext.java:621) ~[spring-context-7.0.8.jar:7.0.8]
	at org.springframework.boot.SpringApplication.refresh(SpringApplication.java:756) ~[spring-boot-4.1.0.jar:4.1.0]
	at org.springframework.boot.SpringApplication.refreshContext(SpringApplication.java:445) ~[spring-boot-4.1.0.jar:4.1.0]
	at org.springframework.boot.SpringApplication.run(SpringApplication.java:321) ~[spring-boot-4.1.0.jar:4.1.0]
	at org.springframework.boot.test.context.SpringBootContextLoader.lambda$loadContext$2(SpringBootContextLoader.java:155) ~[spring-boot-test-4.1.0.jar:4.1.0]
	at org.springframework.util.function.ThrowingSupplier.get(ThrowingSupplier.java:58) ~[spring-core-7.0.8.jar:7.0.8]
	at org.springframework.util.function.ThrowingSupplier.get(ThrowingSupplier.java:46) ~[spring-core-7.0.8.jar:7.0.8]
	at org.springframework.boot.SpringApplication.withHook(SpringApplication.java:1465) ~[spring-boot-4.1.0.jar:4.1.0]
	at org.springframework.boot.test.context.SpringBootContextLoader$ContextLoaderHook.run(SpringBootContextLoader.java:600) ~[spring-boot-test-4.1.0.jar:4.1.0]
	at org.springframework.boot.test.context.SpringBootContextLoader.loadContext(SpringBootContextLoader.java:155) ~[spring-boot-test-4.1.0.jar:4.1.0]
	at org.springframework.boot.test.context.SpringBootContextLoader.loadContext(SpringBootContextLoader.java:114) ~[spring-boot-test-4.1.0.jar:4.1.0]
	at org.springframework.test.context.cache.DefaultCacheAwareContextLoaderDelegate.loadContextInternal(DefaultCacheAwareContextLoaderDelegate.java:247) ~[spring-test-7.0.8.jar:7.0.8]
	at org.springframework.test.context.cache.DefaultCacheAwareContextLoaderDelegate.lambda$loadContext$0(DefaultCacheAwareContextLoaderDelegate.java:167) ~[spring-test-7.0.8.jar:7.0.8]
	... 86 common frames omitted
Caused by: org.springframework.beans.factory.NoSuchBeanDefinitionException: No qualifying bean of type 'com.webservice.springboot.helloRepository' available: expected at least 1 bean which qualifies as autowire candidate. Dependency annotations: {}
	at org.springframework.beans.factory.support.DefaultListableBeanFactory.raiseNoMatchingBeanFound(DefaultListableBeanFactory.java:2304) ~[spring-beans-7.0.8.jar:7.0.8]
	at org.springframework.beans.factory.support.DefaultListableBeanFactory.doResolveDependency(DefaultListableBeanFactory.java:1732) ~[spring-beans-7.0.8.jar:7.0.8]
	at org.springframework.beans.factory.support.DefaultListableBeanFactory.resolveDependency(DefaultListableBeanFactory.java:1658) ~[spring-beans-7.0.8.jar:7.0.8]
	at org.springframework.beans.factory.support.ConstructorResolver.resolveAutowiredArgument(ConstructorResolver.java:912) ~[spring-beans-7.0.8.jar:7.0.8]
	at org.springframework.beans.factory.support.ConstructorResolver.createArgumentArray(ConstructorResolver.java:791) ~[spring-beans-7.0.8.jar:7.0.8]
	... 112 common frames omitted

2026-06-23T19:40:08.014+07:00  WARN 6724 --- [springboot] [main] o.s.test.context.TestContextManager      : Caught exception while allowing TestExecutionListener [org.springframework.test.context.support.DependencyInjectionTestExecutionListener] to prepare test instance [com.webservice.springboot.helloControllerTest@4a92c6a9]

java.lang.IllegalStateException: ApplicationContext failure threshold (1) exceeded: skipping repeated attempt to load context for [WebMergedContextConfiguration@1823b9c4 testClass = com.webservice.springboot.helloControllerTest, locations = [], classes = [com.webservice.springboot.SpringbootApplication], contextInitializerClasses = [], activeProfiles = [], propertySourceDescriptors = [], propertySourceProperties = ["org.springframework.boot.webmvc.test.autoconfigure.WebMvcTestContextBootstrapper=true"], contextCustomizers = [[ImportsContextCustomizer@5b5dce5c key = [org.springframework.boot.data.autoconfigure.web.DataWebAutoConfiguration, org.springframework.boot.autoconfigure.task.TaskExecutionAutoConfiguration, org.springframework.boot.webmvc.autoconfigure.error.ErrorMvcAutoConfiguration, org.springframework.boot.webmvc.autoconfigure.WebMvcAutoConfiguration, org.springframework.boot.http.converter.autoconfigure.HttpMessageConvertersAutoConfiguration, org.springframework.boot.webmvc.test.autoconfigure.MockMvcWebDriverAutoConfiguration, org.springframework.boot.jackson.autoconfigure.JacksonAutoConfiguration, org.springframework.boot.webmvc.test.autoconfigure.MockMvcWebClientAutoConfiguration, org.springframework.boot.autoconfigure.context.MessageSourceAutoConfiguration, org.springframework.boot.servlet.autoconfigure.HttpEncodingAutoConfiguration, org.springframework.boot.webmvc.test.autoconfigure.MockMvcAutoConfiguration]], org.springframework.boot.test.context.PropertyMappingContextCustomizer@2d298995, org.springframework.boot.test.context.filter.ExcludeFilterContextCustomizer@7a48e6e2, org.springframework.boot.test.context.filter.annotation.TypeExcludeFiltersContextCustomizer@e6addf6b, org.springframework.boot.test.json.DuplicateJsonObjectContextCustomizerFactory$DuplicateJsonObjectContextCustomizer@3d08f3f5, org.springframework.boot.test.autoconfigure.OnFailureConditionReportContextCustomizerFactory$OnFailureConditionReportContextCustomizer@5b970f7, org.springframework.boot.test.autoconfigure.OverrideAutoConfigurationContextCustomizerFactory$DisableAutoConfigurationContextCustomizer@756cf158, org.springframework.test.context.support.DynamicPropertiesContextCustomizer@0, org.springframework.boot.webmvc.test.autoconfigure.WebDriverContextCustomizer@63c5efee, org.springframework.boot.web.server.context.SpringBootTestRandomPortContextCustomizer@172ca72b, org.springframework.boot.test.context.SpringBootTestAnnotation@44037813], resourceBasePath = "src/main/webapp", contextLoader = org.springframework.boot.test.context.SpringBootContextLoader, parent = null]
	at org.springframework.test.context.cache.DefaultCacheAwareContextLoaderDelegate.loadContext(DefaultCacheAwareContextLoaderDelegate.java:157) ~[spring-test-7.0.8.jar:7.0.8]
	at org.springframework.test.context.support.DefaultTestContext.getApplicationContext(DefaultTestContext.java:128) ~[spring-test-7.0.8.jar:7.0.8]
	at org.springframework.test.context.support.DependencyInjectionTestExecutionListener.injectDependencies(DependencyInjectionTestExecutionListener.java:156) ~[spring-test-7.0.8.jar:7.0.8]
	at org.springframework.test.context.support.DependencyInjectionTestExecutionListener.prepareTestInstance(DependencyInjectionTestExecutionListener.java:111) ~[spring-test-7.0.8.jar:7.0.8]
	at org.springframework.test.context.TestContextManager.prepareTestInstance(TestContextManager.java:260) ~[spring-test-7.0.8.jar:7.0.8]
	at org.springframework.test.context.junit.jupiter.SpringExtension.postProcessTestInstance(SpringExtension.java:242) ~[spring-test-7.0.8.jar:7.0.8]
	at org.junit.jupiter.engine.descriptor.ClassBasedTestDescriptor.lambda$invokeTestInstancePostProcessors$1(ClassBasedTestDescriptor.java:423) ~[junit-jupiter-engine-6.0.3.jar:6.0.3]
	at org.junit.jupiter.engine.descriptor.ClassBasedTestDescriptor.executeAndMaskThrowable(ClassBasedTestDescriptor.java:428) ~[junit-jupiter-engine-6.0.3.jar:6.0.3]
	at org.junit.jupiter.engine.descriptor.ClassBasedTestDescriptor.lambda$invokeTestInstancePostProcessors$0(ClassBasedTestDescriptor.java:422) ~[junit-jupiter-engine-6.0.3.jar:6.0.3]
	at java.base/java.util.stream.ForEachOps$ForEachOp$OfRef.accept(ForEachOps.java:186) ~[na:na]
	at java.base/java.util.stream.ReferencePipeline$3$1.accept(ReferencePipeline.java:214) ~[na:na]
	at java.base/java.util.stream.ReferencePipeline$2$1.accept(ReferencePipeline.java:197) ~[na:na]
	at java.base/java.util.stream.ReferencePipeline$3$1.accept(ReferencePipeline.java:214) ~[na:na]
	at java.base/java.util.ArrayList$ArrayListSpliterator.forEachRemaining(ArrayList.java:1716) ~[na:na]
	at java.base/java.util.stream.AbstractPipeline.copyInto(AbstractPipeline.java:570) ~[na:na]
	at java.base/java.util.stream.AbstractPipeline.wrapAndCopyInto(AbstractPipeline.java:560) ~[na:na]
	at java.base/java.util.stream.ForEachOps$ForEachOp.evaluateSequential(ForEachOps.java:153) ~[na:na]
	at java.base/java.util.stream.ForEachOps$ForEachOp$OfRef.evaluateSequential(ForEachOps.java:176) ~[na:na]
	at java.base/java.util.stream.AbstractPipeline.evaluate(AbstractPipeline.java:265) ~[na:na]
	at java.base/java.util.stream.ReferencePipeline.forEach(ReferencePipeline.java:632) ~[na:na]
	at org.junit.jupiter.engine.descriptor.ClassBasedTestDescriptor.invokeTestInstancePostProcessors(ClassBasedTestDescriptor.java:422) ~[junit-jupiter-engine-6.0.3.jar:6.0.3]
	at org.junit.jupiter.engine.descriptor.ClassBasedTestDescriptor.lambda$instantiateAndPostProcessTestInstance$0(ClassBasedTestDescriptor.java:334) ~[junit-jupiter-engine-6.0.3.jar:6.0.3]
	at org.junit.platform.engine.support.hierarchical.ThrowableCollector.execute(ThrowableCollector.java:74) ~[junit-platform-engine-6.0.3.jar:6.0.3]
	at org.junit.jupiter.engine.descriptor.ClassBasedTestDescriptor.instantiateAndPostProcessTestInstance(ClassBasedTestDescriptor.java:333) ~[junit-jupiter-engine-6.0.3.jar:6.0.3]
	at org.junit.jupiter.engine.descriptor.ClassBasedTestDescriptor.lambda$testInstancesProvider$1(ClassBasedTestDescriptor.java:322) ~[junit-jupiter-engine-6.0.3.jar:6.0.3]
	at java.base/java.util.Optional.orElseGet(Optional.java:364) ~[na:na]
	at org.junit.jupiter.engine.descriptor.ClassBasedTestDescriptor.lambda$testInstancesProvider$0(ClassBasedTestDescriptor.java:321) ~[junit-jupiter-engine-6.0.3.jar:6.0.3]
	at org.junit.jupiter.engine.execution.TestInstancesProvider.getTestInstances(TestInstancesProvider.java:27) ~[junit-jupiter-engine-6.0.3.jar:6.0.3]
	at org.junit.jupiter.engine.descriptor.TestMethodTestDescriptor.lambda$prepare$0(TestMethodTestDescriptor.java:127) ~[junit-jupiter-engine-6.0.3.jar:6.0.3]
	at org.junit.platform.engine.support.hierarchical.ThrowableCollector.execute(ThrowableCollector.java:74) ~[junit-platform-engine-6.0.3.jar:6.0.3]
	at org.junit.jupiter.engine.descriptor.TestMethodTestDescriptor.prepare(TestMethodTestDescriptor.java:126) ~[junit-jupiter-engine-6.0.3.jar:6.0.3]
	at org.junit.jupiter.engine.descriptor.TestMethodTestDescriptor.prepare(TestMethodTestDescriptor.java:70) ~[junit-jupiter-engine-6.0.3.jar:6.0.3]
	at org.junit.platform.engine.support.hierarchical.NodeTestTask.lambda$prepare$0(NodeTestTask.java:144) ~[junit-platform-engine-6.0.3.jar:6.0.3]
	at org.junit.platform.engine.support.hierarchical.ThrowableCollector.execute(ThrowableCollector.java:74) ~[junit-platform-engine-6.0.3.jar:6.0.3]
	at org.junit.platform.engine.support.hierarchical.NodeTestTask.prepare(NodeTestTask.java:144) ~[junit-platform-engine-6.0.3.jar:6.0.3]
	at org.junit.platform.engine.support.hierarchical.NodeTestTask.execute(NodeTestTask.java:110) ~[junit-platform-engine-6.0.3.jar:6.0.3]
	at java.base/java.util.ArrayList.forEach(ArrayList.java:1604) ~[na:na]
	at org.junit.platform.engine.support.hierarchical.SameThreadHierarchicalTestExecutorService.invokeAll(SameThreadHierarchicalTestExecutorService.java:42) ~[junit-platform-engine-6.0.3.jar:6.0.3]
	at org.junit.platform.engine.support.hierarchical.NodeTestTask.lambda$executeRecursively$2(NodeTestTask.java:180) ~[junit-platform-engine-6.0.3.jar:6.0.3]
	at org.junit.platform.engine.support.hierarchical.ThrowableCollector.execute(ThrowableCollector.java:74) ~[junit-platform-engine-6.0.3.jar:6.0.3]
	at org.junit.platform.engine.support.hierarchical.NodeTestTask.lambda$executeRecursively$1(NodeTestTask.java:166) ~[junit-platform-engine-6.0.3.jar:6.0.3]
	at org.junit.platform.engine.support.hierarchical.Node.around(Node.java:138) ~[junit-platform-engine-6.0.3.jar:6.0.3]
	at org.junit.platform.engine.support.hierarchical.NodeTestTask.lambda$executeRecursively$0(NodeTestTask.java:164) ~[junit-platform-engine-6.0.3.jar:6.0.3]
	at org.junit.platform.engine.support.hierarchical.ThrowableCollector.execute(ThrowableCollector.java:74) ~[junit-platform-engine-6.0.3.jar:6.0.3]
	at org.junit.platform.engine.support.hierarchical.NodeTestTask.executeRecursively(NodeTestTask.java:163) ~[junit-platform-engine-6.0.3.jar:6.0.3]
	at org.junit.platform.engine.support.hierarchical.NodeTestTask.execute(NodeTestTask.java:116) ~[junit-platform-engine-6.0.3.jar:6.0.3]
	at java.base/java.util.ArrayList.forEach(ArrayList.java:1604) ~[na:na]
	at org.junit.platform.engine.support.hierarchical.SameThreadHierarchicalTestExecutorService.invokeAll(SameThreadHierarchicalTestExecutorService.java:42) ~[junit-platform-engine-6.0.3.jar:6.0.3]
	at org.junit.platform.engine.support.hierarchical.NodeTestTask.lambda$executeRecursively$2(NodeTestTask.java:180) ~[junit-platform-engine-6.0.3.jar:6.0.3]
	at org.junit.platform.engine.support.hierarchical.ThrowableCollector.execute(ThrowableCollector.java:74) ~[junit-platform-engine-6.0.3.jar:6.0.3]
	at org.junit.platform.engine.support.hierarchical.NodeTestTask.lambda$executeRecursively$1(NodeTestTask.java:166) ~[junit-platform-engine-6.0.3.jar:6.0.3]
	at org.junit.platform.engine.support.hierarchical.Node.around(Node.java:138) ~[junit-platform-engine-6.0.3.jar:6.0.3]
	at org.junit.platform.engine.support.hierarchical.NodeTestTask.lambda$executeRecursively$0(NodeTestTask.java:164) ~[junit-platform-engine-6.0.3.jar:6.0.3]
	at org.junit.platform.engine.support.hierarchical.ThrowableCollector.execute(ThrowableCollector.java:74) ~[junit-platform-engine-6.0.3.jar:6.0.3]
	at org.junit.platform.engine.support.hierarchical.NodeTestTask.executeRecursively(NodeTestTask.java:163) ~[junit-platform-engine-6.0.3.jar:6.0.3]
	at org.junit.platform.engine.support.hierarchical.NodeTestTask.execute(NodeTestTask.java:116) ~[junit-platform-engine-6.0.3.jar:6.0.3]
	at org.junit.platform.engine.support.hierarchical.SameThreadHierarchicalTestExecutorService.submit(SameThreadHierarchicalTestExecutorService.java:36) ~[junit-platform-engine-6.0.3.jar:6.0.3]
	at org.junit.platform.engine.support.hierarchical.HierarchicalTestExecutor.execute(HierarchicalTestExecutor.java:52) ~[junit-platform-engine-6.0.3.jar:6.0.3]
	at org.junit.platform.engine.support.hierarchical.HierarchicalTestEngine.execute(HierarchicalTestEngine.java:58) ~[junit-platform-engine-6.0.3.jar:6.0.3]
	at org.junit.platform.launcher.core.EngineExecutionOrchestrator.executeEngine(EngineExecutionOrchestrator.java:246) ~[junit-platform-launcher-6.0.3.jar:6.0.3]
	at org.junit.platform.launcher.core.EngineExecutionOrchestrator.failOrExecuteEngine(EngineExecutionOrchestrator.java:218) ~[junit-platform-launcher-6.0.3.jar:6.0.3]
	at org.junit.platform.launcher.core.EngineExecutionOrchestrator.execute(EngineExecutionOrchestrator.java:179) ~[junit-platform-launcher-6.0.3.jar:6.0.3]
	at org.junit.platform.launcher.core.EngineExecutionOrchestrator.execute(EngineExecutionOrchestrator.java:108) ~[junit-platform-launcher-6.0.3.jar:6.0.3]
	at org.junit.platform.launcher.core.EngineExecutionOrchestrator.lambda$execute$0(EngineExecutionOrchestrator.java:66) ~[junit-platform-launcher-6.0.3.jar:6.0.3]
	at org.junit.platform.launcher.core.EngineExecutionOrchestrator.withInterceptedStreams(EngineExecutionOrchestrator.java:157) ~[junit-platform-launcher-6.0.3.jar:6.0.3]
	at org.junit.platform.launcher.core.EngineExecutionOrchestrator.execute(EngineExecutionOrchestrator.java:65) ~[junit-platform-launcher-6.0.3.jar:6.0.3]
	at org.junit.platform.launcher.core.DefaultLauncher.execute(DefaultLauncher.java:125) ~[junit-platform-launcher-6.0.3.jar:6.0.3]
	at org.junit.platform.launcher.core.DefaultLauncher.execute(DefaultLauncher.java:114) ~[junit-platform-launcher-6.0.3.jar:6.0.3]
	at org.junit.platform.launcher.core.DelegatingLauncher.execute(DelegatingLauncher.java:58) ~[junit-platform-launcher-6.0.3.jar:6.0.3]
	at org.junit.platform.launcher.core.InterceptingLauncher.lambda$execute$2(InterceptingLauncher.java:57) ~[junit-platform-launcher-6.0.3.jar:6.0.3]
	at org.junit.platform.launcher.core.ClasspathAlignmentCheckingLauncherInterceptor.intercept(ClasspathAlignmentCheckingLauncherInterceptor.java:25) ~[junit-platform-launcher-6.0.3.jar:6.0.3]
	at org.junit.platform.launcher.core.InterceptingLauncher.execute(InterceptingLauncher.java:56) ~[junit-platform-launcher-6.0.3.jar:6.0.3]
	at org.junit.platform.launcher.core.DelegatingLauncher.execute(DelegatingLauncher.java:58) ~[junit-platform-launcher-6.0.3.jar:6.0.3]
	at java.base/jdk.internal.reflect.DirectMethodHandleAccessor.invoke(DirectMethodHandleAccessor.java:104) ~[na:na]
	at java.base/java.lang.reflect.Method.invoke(Method.java:565) ~[na:na]
	at org.apache.maven.surefire.api.util.ReflectionUtils.invokeMethodWithArray(ReflectionUtils.java:125) ~[surefire-api-3.5.6.jar:3.5.6]
	at org.apache.maven.surefire.junitplatform.LauncherAdapter.executeWithCancellationToken(LauncherAdapter.java:68) ~[surefire-junit-platform-3.5.6.jar:3.5.6]
	at org.apache.maven.surefire.junitplatform.LauncherAdapter.execute(LauncherAdapter.java:54) ~[surefire-junit-platform-3.5.6.jar:3.5.6]
	at org.apache.maven.surefire.junitplatform.JUnitPlatformProvider.execute(JUnitPlatformProvider.java:203) ~[surefire-junit-platform-3.5.6.jar:3.5.6]
	at org.apache.maven.surefire.junitplatform.JUnitPlatformProvider.invokeAllTests(JUnitPlatformProvider.java:168) ~[surefire-junit-platform-3.5.6.jar:3.5.6]
	at org.apache.maven.surefire.junitplatform.JUnitPlatformProvider.invoke(JUnitPlatformProvider.java:136) ~[surefire-junit-platform-3.5.6.jar:3.5.6]
	at org.apache.maven.surefire.booter.ForkedBooter.runSuitesInProcess(ForkedBooter.java:385) ~[surefire-booter-3.5.6.jar:3.5.6]
	at org.apache.maven.surefire.booter.ForkedBooter.execute(ForkedBooter.java:162) ~[surefire-booter-3.5.6.jar:3.5.6]
	at org.apache.maven.surefire.booter.ForkedBooter.run(ForkedBooter.java:507) ~[surefire-booter-3.5.6.jar:3.5.6]
	at org.apache.maven.surefire.booter.ForkedBooter.main(ForkedBooter.java:495) ~[surefire-booter-3.5.6.jar:3.5.6]

2026-06-23T19:40:08.038+07:00  INFO 6724 --- [springboot] [main] t.c.s.AnnotationConfigContextLoaderUtils : Could not detect default configuration classes for test class [com.webservice.springboot.SpringbootApplicationTests]: SpringbootApplicationTests does not declare any static, non-private, non-final, nested classes annotated with @Configuration.
2026-06-23T19:40:08.043+07:00  INFO 6724 --- [springboot] [main] .b.t.c.SpringBootTestContextBootstrapper : Found @SpringBootConfiguration com.webservice.springboot.SpringbootApplication for test class com.webservice.springboot.SpringbootApplicationTests
2026-06-23T19:40:08.049+07:00  INFO 6724 --- [springboot] [main] t.c.s.AnnotationConfigContextLoaderUtils : Could not detect default configuration classes for test class [com.webservice.springboot.SpringbootApplicationTests]: SpringbootApplicationTests does not declare any static, non-private, non-final, nested classes annotated with @Configuration.
2026-06-23T19:40:08.052+07:00  INFO 6724 --- [springboot] [main] .b.t.c.SpringBootTestContextBootstrapper : Found @SpringBootConfiguration com.webservice.springboot.SpringbootApplication for test class com.webservice.springboot.SpringbootApplicationTests
2026-06-23T19:40:08.119+07:00  INFO 6724 --- [springboot] [main] c.w.s.SpringbootApplicationTests         : Starting SpringbootApplicationTests using Java 25.0.3 with PID 6724 (started by chris in D:\Files\WebService\springboot)
2026-06-23T19:40:08.119+07:00 DEBUG 6724 --- [springboot] [main] c.w.s.SpringbootApplicationTests         : Running with Spring Boot v4.1.0, Spring v7.0.8
2026-06-23T19:40:08.119+07:00  INFO 6724 --- [springboot] [main] c.w.s.SpringbootApplicationTests         : No active profile set, falling back to 1 default profile: "default"
2026-06-23T19:40:08.550+07:00  INFO 6724 --- [springboot] [main] .s.d.r.c.RepositoryConfigurationDelegate : Bootstrapping Spring Data JPA repositories in DEFAULT mode.
2026-06-23T19:40:08.625+07:00  INFO 6724 --- [springboot] [main] .s.d.r.c.RepositoryConfigurationDelegate : Finished Spring Data repository scanning in 53 ms. Found 1 JPA repository interface.
2026-06-23T19:40:09.060+07:00  INFO 6724 --- [springboot] [main] org.hibernate.orm.jpa                    : HHH008540: Processing PersistenceUnitInfo [name: default]
2026-06-23T19:40:09.142+07:00  INFO 6724 --- [springboot] [main] org.hibernate.orm.core                   : HHH000001: Hibernate ORM core version 7.4.1.Final
2026-06-23T19:40:09.872+07:00  INFO 6724 --- [springboot] [main] o.s.o.j.p.SpringPersistenceUnitInfo      : No LoadTimeWeaver setup: ignoring JPA class transformer
2026-06-23T19:40:09.922+07:00  INFO 6724 --- [springboot] [main] com.zaxxer.hikari.HikariDataSource       : HikariPool-1 - Starting...
2026-06-23T19:40:10.287+07:00  INFO 6724 --- [springboot] [main] com.zaxxer.hikari.pool.HikariPool        : HikariPool-1 - Added connection conn0: url=jdbc:h2:mem:testdb user=SA
2026-06-23T19:40:10.291+07:00  INFO 6724 --- [springboot] [main] com.zaxxer.hikari.HikariDataSource       : HikariPool-1 - Start completed.
2026-06-23T19:40:10.440+07:00  INFO 6724 --- [springboot] [main] org.hibernate.orm.connections.pooling    : HHH10001005: Database info:
	Database JDBC URL [jdbc:h2:mem:testdb]
	Database driver: H2 JDBC Driver
	Database dialect: H2Dialect
	Database version: 2.4.240
	Default catalog/schema: TESTDB/PUBLIC
	Autocommit mode: undefined/unknown
	Isolation level: READ_COMMITTED [default READ_COMMITTED]
	JDBC fetch size: 100
	Pool: DataSourceConnectionProvider
	Minimum pool size: undefined/unknown
	Maximum pool size: undefined/unknown
2026-06-23T19:40:11.354+07:00  INFO 6724 --- [springboot] [main] org.hibernate.orm.core                   : HHH000182: No default (no-argument) constructor for class [com.webservice.springboot.hello] (class must be instantiated by Interceptor)
2026-06-23T19:40:11.571+07:00  INFO 6724 --- [springboot] [main] org.hibernate.orm.core                   : HHH000489: No JTA platform available (set 'hibernate.transaction.jta.platform' to enable JTA platform integration)
2026-06-23T19:40:11.643+07:00  INFO 6724 --- [springboot] [main] j.LocalContainerEntityManagerFactoryBean : Initialized JPA EntityManagerFactory for persistence unit 'default'
2026-06-23T19:40:11.750+07:00  INFO 6724 --- [springboot] [main] o.s.d.j.r.query.QueryEnhancerFactories   : Hibernate is in classpath; If applicable, HQL parser will be used.
2026-06-23T19:40:11.971+07:00  WARN 6724 --- [springboot] [main] JpaBaseConfiguration$JpaWebConfiguration : spring.jpa.open-in-view is enabled by default. Therefore, database queries may be performed during view rendering. Explicitly configure spring.jpa.open-in-view to disable this warning
2026-06-23T19:40:12.532+07:00  INFO 6724 --- [springboot] [main] c.w.s.SpringbootApplicationTests         : Started SpringbootApplicationTests in 4.475 seconds (process running for 7.552)
2026-06-23T19:40:13.012+07:00  INFO 6724 --- [springboot] [SpringApplicationShutdownHook] j.LocalContainerEntityManagerFactoryBean : Closing JPA EntityManagerFactory for persistence unit 'default'
2026-06-23T19:40:13.015+07:00  INFO 6724 --- [springboot] [SpringApplicationShutdownHook] com.zaxxer.hikari.HikariDataSource       : HikariPool-1 - Shutdown initiated...
2026-06-23T19:40:13.019+07:00  INFO 6724 --- [springboot] [SpringApplicationShutdownHook] com.zaxxer.hikari.HikariDataSource       : HikariPool-1 - Shutdown completed.
2026-06-23T19:46:35.172+07:00  INFO 4864 --- [springboot] [main] c.w.springboot.helloControllerTest       : Starting helloControllerTest using Java 25.0.3 with PID 4864 (started by chris in D:\Files\WebService\springboot)
2026-06-23T19:46:35.173+07:00 DEBUG 4864 --- [springboot] [main] c.w.springboot.helloControllerTest       : Running with Spring Boot v4.1.0, Spring v7.0.8
2026-06-23T19:46:35.175+07:00  INFO 4864 --- [springboot] [main] c.w.springboot.helloControllerTest       : No active profile set, falling back to 1 default profile: "default"
2026-06-23T19:46:35.974+07:00  WARN 4864 --- [springboot] [main] o.s.w.c.s.GenericWebApplicationContext   : Exception encountered during context initialization - cancelling refresh attempt: org.springframework.beans.factory.UnsatisfiedDependencyException: Error creating bean with name 'helloController' defined in file [D:\Files\WebService\springboot\target\classes\com\webservice\springboot\helloController.class]: Unsatisfied dependency expressed through constructor parameter 0: No qualifying bean of type 'com.webservice.springboot.helloRepository' available: expected at least 1 bean which qualifies as autowire candidate. Dependency annotations: {}
2026-06-23T19:46:35.989+07:00  INFO 4864 --- [springboot] [main] .s.b.a.l.ConditionEvaluationReportLogger : 

Error starting ApplicationContext. To display the condition evaluation report re-run your application with 'debug' enabled.
2026-06-23T19:46:36.015+07:00 ERROR 4864 --- [springboot] [main] o.s.b.d.LoggingFailureAnalysisReporter   : 

***************************
APPLICATION FAILED TO START
***************************

Description:

Parameter 0 of constructor in com.webservice.springboot.helloController required a bean of type 'com.webservice.springboot.helloRepository' that could not be found.


Action:

Consider defining a bean of type 'com.webservice.springboot.helloRepository' in your configuration.

2026-06-23T19:46:36.019+07:00  WARN 4864 --- [springboot] [main] o.s.test.context.TestContextManager      : Caught exception while allowing TestExecutionListener [org.springframework.test.context.support.DependencyInjectionTestExecutionListener] to prepare test instance [com.webservice.springboot.helloControllerTest@7f4701b1]

java.lang.IllegalStateException: Failed to load ApplicationContext for [WebMergedContextConfiguration@1823b9c4 testClass = com.webservice.springboot.helloControllerTest, locations = [], classes = [com.webservice.springboot.SpringbootApplication], contextInitializerClasses = [], activeProfiles = [], propertySourceDescriptors = [], propertySourceProperties = ["org.springframework.boot.webmvc.test.autoconfigure.WebMvcTestContextBootstrapper=true"], contextCustomizers = [[ImportsContextCustomizer@5b5dce5c key = [org.springframework.boot.data.autoconfigure.web.DataWebAutoConfiguration, org.springframework.boot.autoconfigure.task.TaskExecutionAutoConfiguration, org.springframework.boot.webmvc.autoconfigure.error.ErrorMvcAutoConfiguration, org.springframework.boot.webmvc.autoconfigure.WebMvcAutoConfiguration, org.springframework.boot.http.converter.autoconfigure.HttpMessageConvertersAutoConfiguration, org.springframework.boot.webmvc.test.autoconfigure.MockMvcWebDriverAutoConfiguration, org.springframework.boot.jackson.autoconfigure.JacksonAutoConfiguration, org.springframework.boot.webmvc.test.autoconfigure.MockMvcWebClientAutoConfiguration, org.springframework.boot.autoconfigure.context.MessageSourceAutoConfiguration, org.springframework.boot.servlet.autoconfigure.HttpEncodingAutoConfiguration, org.springframework.boot.webmvc.test.autoconfigure.MockMvcAutoConfiguration]], org.springframework.boot.test.context.PropertyMappingContextCustomizer@2d298995, org.springframework.boot.test.context.filter.ExcludeFilterContextCustomizer@7a48e6e2, org.springframework.boot.test.context.filter.annotation.TypeExcludeFiltersContextCustomizer@e6addf6b, org.springframework.boot.test.json.DuplicateJsonObjectContextCustomizerFactory$DuplicateJsonObjectContextCustomizer@3d08f3f5, org.springframework.boot.test.autoconfigure.OnFailureConditionReportContextCustomizerFactory$OnFailureConditionReportContextCustomizer@5b970f7, org.springframework.boot.test.autoconfigure.OverrideAutoConfigurationContextCustomizerFactory$DisableAutoConfigurationContextCustomizer@756cf158, org.springframework.test.context.support.DynamicPropertiesContextCustomizer@0, org.springframework.boot.webmvc.test.autoconfigure.WebDriverContextCustomizer@63c5efee, org.springframework.boot.web.server.context.SpringBootTestRandomPortContextCustomizer@172ca72b, org.springframework.boot.test.context.SpringBootTestAnnotation@44037813], resourceBasePath = "src/main/webapp", contextLoader = org.springframework.boot.test.context.SpringBootContextLoader, parent = null]
	at org.springframework.test.context.cache.DefaultCacheAwareContextLoaderDelegate.lambda$loadContext$0(DefaultCacheAwareContextLoaderDelegate.java:195) ~[spring-test-7.0.8.jar:7.0.8]
	at org.springframework.test.context.cache.DefaultContextCache.put(DefaultContextCache.java:214) ~[spring-test-7.0.8.jar:7.0.8]
	at org.springframework.test.context.cache.DefaultCacheAwareContextLoaderDelegate.loadContext(DefaultCacheAwareContextLoaderDelegate.java:160) ~[spring-test-7.0.8.jar:7.0.8]
	at org.springframework.test.context.support.DefaultTestContext.getApplicationContext(DefaultTestContext.java:128) ~[spring-test-7.0.8.jar:7.0.8]
	at org.springframework.test.context.support.DependencyInjectionTestExecutionListener.injectDependencies(DependencyInjectionTestExecutionListener.java:156) ~[spring-test-7.0.8.jar:7.0.8]
	at org.springframework.test.context.support.DependencyInjectionTestExecutionListener.prepareTestInstance(DependencyInjectionTestExecutionListener.java:111) ~[spring-test-7.0.8.jar:7.0.8]
	at org.springframework.test.context.TestContextManager.prepareTestInstance(TestContextManager.java:260) ~[spring-test-7.0.8.jar:7.0.8]
	at org.springframework.test.context.junit.jupiter.SpringExtension.postProcessTestInstance(SpringExtension.java:242) ~[spring-test-7.0.8.jar:7.0.8]
	at org.junit.jupiter.engine.descriptor.ClassBasedTestDescriptor.lambda$invokeTestInstancePostProcessors$1(ClassBasedTestDescriptor.java:423) ~[junit-jupiter-engine-6.0.3.jar:6.0.3]
	at org.junit.jupiter.engine.descriptor.ClassBasedTestDescriptor.executeAndMaskThrowable(ClassBasedTestDescriptor.java:428) ~[junit-jupiter-engine-6.0.3.jar:6.0.3]
	at org.junit.jupiter.engine.descriptor.ClassBasedTestDescriptor.lambda$invokeTestInstancePostProcessors$0(ClassBasedTestDescriptor.java:422) ~[junit-jupiter-engine-6.0.3.jar:6.0.3]
	at java.base/java.util.stream.ForEachOps$ForEachOp$OfRef.accept(ForEachOps.java:186) ~[na:na]
	at java.base/java.util.stream.ReferencePipeline$3$1.accept(ReferencePipeline.java:214) ~[na:na]
	at java.base/java.util.stream.ReferencePipeline$2$1.accept(ReferencePipeline.java:197) ~[na:na]
	at java.base/java.util.stream.ReferencePipeline$3$1.accept(ReferencePipeline.java:214) ~[na:na]
	at java.base/java.util.ArrayList$ArrayListSpliterator.forEachRemaining(ArrayList.java:1716) ~[na:na]
	at java.base/java.util.stream.AbstractPipeline.copyInto(AbstractPipeline.java:570) ~[na:na]
	at java.base/java.util.stream.AbstractPipeline.wrapAndCopyInto(AbstractPipeline.java:560) ~[na:na]
	at java.base/java.util.stream.ForEachOps$ForEachOp.evaluateSequential(ForEachOps.java:153) ~[na:na]
	at java.base/java.util.stream.ForEachOps$ForEachOp$OfRef.evaluateSequential(ForEachOps.java:176) ~[na:na]
	at java.base/java.util.stream.AbstractPipeline.evaluate(AbstractPipeline.java:265) ~[na:na]
	at java.base/java.util.stream.ReferencePipeline.forEach(ReferencePipeline.java:632) ~[na:na]
	at org.junit.jupiter.engine.descriptor.ClassBasedTestDescriptor.invokeTestInstancePostProcessors(ClassBasedTestDescriptor.java:422) ~[junit-jupiter-engine-6.0.3.jar:6.0.3]
	at org.junit.jupiter.engine.descriptor.ClassBasedTestDescriptor.lambda$instantiateAndPostProcessTestInstance$0(ClassBasedTestDescriptor.java:334) ~[junit-jupiter-engine-6.0.3.jar:6.0.3]
	at org.junit.platform.engine.support.hierarchical.ThrowableCollector.execute(ThrowableCollector.java:74) ~[junit-platform-engine-6.0.3.jar:6.0.3]
	at org.junit.jupiter.engine.descriptor.ClassBasedTestDescriptor.instantiateAndPostProcessTestInstance(ClassBasedTestDescriptor.java:333) ~[junit-jupiter-engine-6.0.3.jar:6.0.3]
	at org.junit.jupiter.engine.descriptor.ClassBasedTestDescriptor.lambda$testInstancesProvider$1(ClassBasedTestDescriptor.java:322) ~[junit-jupiter-engine-6.0.3.jar:6.0.3]
	at java.base/java.util.Optional.orElseGet(Optional.java:364) ~[na:na]
	at org.junit.jupiter.engine.descriptor.ClassBasedTestDescriptor.lambda$testInstancesProvider$0(ClassBasedTestDescriptor.java:321) ~[junit-jupiter-engine-6.0.3.jar:6.0.3]
	at org.junit.jupiter.engine.execution.TestInstancesProvider.getTestInstances(TestInstancesProvider.java:27) ~[junit-jupiter-engine-6.0.3.jar:6.0.3]
	at org.junit.jupiter.engine.descriptor.TestMethodTestDescriptor.lambda$prepare$0(TestMethodTestDescriptor.java:127) ~[junit-jupiter-engine-6.0.3.jar:6.0.3]
	at org.junit.platform.engine.support.hierarchical.ThrowableCollector.execute(ThrowableCollector.java:74) ~[junit-platform-engine-6.0.3.jar:6.0.3]
	at org.junit.jupiter.engine.descriptor.TestMethodTestDescriptor.prepare(TestMethodTestDescriptor.java:126) ~[junit-jupiter-engine-6.0.3.jar:6.0.3]
	at org.junit.jupiter.engine.descriptor.TestMethodTestDescriptor.prepare(TestMethodTestDescriptor.java:70) ~[junit-jupiter-engine-6.0.3.jar:6.0.3]
	at org.junit.platform.engine.support.hierarchical.NodeTestTask.lambda$prepare$0(NodeTestTask.java:144) ~[junit-platform-engine-6.0.3.jar:6.0.3]
	at org.junit.platform.engine.support.hierarchical.ThrowableCollector.execute(ThrowableCollector.java:74) ~[junit-platform-engine-6.0.3.jar:6.0.3]
	at org.junit.platform.engine.support.hierarchical.NodeTestTask.prepare(NodeTestTask.java:144) ~[junit-platform-engine-6.0.3.jar:6.0.3]
	at org.junit.platform.engine.support.hierarchical.NodeTestTask.execute(NodeTestTask.java:110) ~[junit-platform-engine-6.0.3.jar:6.0.3]
	at java.base/java.util.ArrayList.forEach(ArrayList.java:1604) ~[na:na]
	at org.junit.platform.engine.support.hierarchical.SameThreadHierarchicalTestExecutorService.invokeAll(SameThreadHierarchicalTestExecutorService.java:42) ~[junit-platform-engine-6.0.3.jar:6.0.3]
	at org.junit.platform.engine.support.hierarchical.NodeTestTask.lambda$executeRecursively$2(NodeTestTask.java:180) ~[junit-platform-engine-6.0.3.jar:6.0.3]
	at org.junit.platform.engine.support.hierarchical.ThrowableCollector.execute(ThrowableCollector.java:74) ~[junit-platform-engine-6.0.3.jar:6.0.3]
	at org.junit.platform.engine.support.hierarchical.NodeTestTask.lambda$executeRecursively$1(NodeTestTask.java:166) ~[junit-platform-engine-6.0.3.jar:6.0.3]
	at org.junit.platform.engine.support.hierarchical.Node.around(Node.java:138) ~[junit-platform-engine-6.0.3.jar:6.0.3]
	at org.junit.platform.engine.support.hierarchical.NodeTestTask.lambda$executeRecursively$0(NodeTestTask.java:164) ~[junit-platform-engine-6.0.3.jar:6.0.3]
	at org.junit.platform.engine.support.hierarchical.ThrowableCollector.execute(ThrowableCollector.java:74) ~[junit-platform-engine-6.0.3.jar:6.0.3]
	at org.junit.platform.engine.support.hierarchical.NodeTestTask.executeRecursively(NodeTestTask.java:163) ~[junit-platform-engine-6.0.3.jar:6.0.3]
	at org.junit.platform.engine.support.hierarchical.NodeTestTask.execute(NodeTestTask.java:116) ~[junit-platform-engine-6.0.3.jar:6.0.3]
	at java.base/java.util.ArrayList.forEach(ArrayList.java:1604) ~[na:na]
	at org.junit.platform.engine.support.hierarchical.SameThreadHierarchicalTestExecutorService.invokeAll(SameThreadHierarchicalTestExecutorService.java:42) ~[junit-platform-engine-6.0.3.jar:6.0.3]
	at org.junit.platform.engine.support.hierarchical.NodeTestTask.lambda$executeRecursively$2(NodeTestTask.java:180) ~[junit-platform-engine-6.0.3.jar:6.0.3]
	at org.junit.platform.engine.support.hierarchical.ThrowableCollector.execute(ThrowableCollector.java:74) ~[junit-platform-engine-6.0.3.jar:6.0.3]
	at org.junit.platform.engine.support.hierarchical.NodeTestTask.lambda$executeRecursively$1(NodeTestTask.java:166) ~[junit-platform-engine-6.0.3.jar:6.0.3]
	at org.junit.platform.engine.support.hierarchical.Node.around(Node.java:138) ~[junit-platform-engine-6.0.3.jar:6.0.3]
	at org.junit.platform.engine.support.hierarchical.NodeTestTask.lambda$executeRecursively$0(NodeTestTask.java:164) ~[junit-platform-engine-6.0.3.jar:6.0.3]
	at org.junit.platform.engine.support.hierarchical.ThrowableCollector.execute(ThrowableCollector.java:74) ~[junit-platform-engine-6.0.3.jar:6.0.3]
	at org.junit.platform.engine.support.hierarchical.NodeTestTask.executeRecursively(NodeTestTask.java:163) ~[junit-platform-engine-6.0.3.jar:6.0.3]
	at org.junit.platform.engine.support.hierarchical.NodeTestTask.execute(NodeTestTask.java:116) ~[junit-platform-engine-6.0.3.jar:6.0.3]
	at org.junit.platform.engine.support.hierarchical.SameThreadHierarchicalTestExecutorService.submit(SameThreadHierarchicalTestExecutorService.java:36) ~[junit-platform-engine-6.0.3.jar:6.0.3]
	at org.junit.platform.engine.support.hierarchical.HierarchicalTestExecutor.execute(HierarchicalTestExecutor.java:52) ~[junit-platform-engine-6.0.3.jar:6.0.3]
	at org.junit.platform.engine.support.hierarchical.HierarchicalTestEngine.execute(HierarchicalTestEngine.java:58) ~[junit-platform-engine-6.0.3.jar:6.0.3]
	at org.junit.platform.launcher.core.EngineExecutionOrchestrator.executeEngine(EngineExecutionOrchestrator.java:246) ~[junit-platform-launcher-6.0.3.jar:6.0.3]
	at org.junit.platform.launcher.core.EngineExecutionOrchestrator.failOrExecuteEngine(EngineExecutionOrchestrator.java:218) ~[junit-platform-launcher-6.0.3.jar:6.0.3]
	at org.junit.platform.launcher.core.EngineExecutionOrchestrator.execute(EngineExecutionOrchestrator.java:179) ~[junit-platform-launcher-6.0.3.jar:6.0.3]
	at org.junit.platform.launcher.core.EngineExecutionOrchestrator.execute(EngineExecutionOrchestrator.java:108) ~[junit-platform-launcher-6.0.3.jar:6.0.3]
	at org.junit.platform.launcher.core.EngineExecutionOrchestrator.lambda$execute$0(EngineExecutionOrchestrator.java:66) ~[junit-platform-launcher-6.0.3.jar:6.0.3]
	at org.junit.platform.launcher.core.EngineExecutionOrchestrator.withInterceptedStreams(EngineExecutionOrchestrator.java:157) ~[junit-platform-launcher-6.0.3.jar:6.0.3]
	at org.junit.platform.launcher.core.EngineExecutionOrchestrator.execute(EngineExecutionOrchestrator.java:65) ~[junit-platform-launcher-6.0.3.jar:6.0.3]
	at org.junit.platform.launcher.core.DefaultLauncher.execute(DefaultLauncher.java:125) ~[junit-platform-launcher-6.0.3.jar:6.0.3]
	at org.junit.platform.launcher.core.DefaultLauncher.execute(DefaultLauncher.java:114) ~[junit-platform-launcher-6.0.3.jar:6.0.3]
	at org.junit.platform.launcher.core.DelegatingLauncher.execute(DelegatingLauncher.java:58) ~[junit-platform-launcher-6.0.3.jar:6.0.3]
	at org.junit.platform.launcher.core.InterceptingLauncher.lambda$execute$2(InterceptingLauncher.java:57) ~[junit-platform-launcher-6.0.3.jar:6.0.3]
	at org.junit.platform.launcher.core.ClasspathAlignmentCheckingLauncherInterceptor.intercept(ClasspathAlignmentCheckingLauncherInterceptor.java:25) ~[junit-platform-launcher-6.0.3.jar:6.0.3]
	at org.junit.platform.launcher.core.InterceptingLauncher.execute(InterceptingLauncher.java:56) ~[junit-platform-launcher-6.0.3.jar:6.0.3]
	at org.junit.platform.launcher.core.DelegatingLauncher.execute(DelegatingLauncher.java:58) ~[junit-platform-launcher-6.0.3.jar:6.0.3]
	at java.base/jdk.internal.reflect.DirectMethodHandleAccessor.invoke(DirectMethodHandleAccessor.java:104) ~[na:na]
	at java.base/java.lang.reflect.Method.invoke(Method.java:565) ~[na:na]
	at org.apache.maven.surefire.api.util.ReflectionUtils.invokeMethodWithArray(ReflectionUtils.java:125) ~[surefire-api-3.5.6.jar:3.5.6]
	at org.apache.maven.surefire.junitplatform.LauncherAdapter.executeWithCancellationToken(LauncherAdapter.java:68) ~[surefire-junit-platform-3.5.6.jar:3.5.6]
	at org.apache.maven.surefire.junitplatform.LauncherAdapter.execute(LauncherAdapter.java:54) ~[surefire-junit-platform-3.5.6.jar:3.5.6]
	at org.apache.maven.surefire.junitplatform.JUnitPlatformProvider.execute(JUnitPlatformProvider.java:203) ~[surefire-junit-platform-3.5.6.jar:3.5.6]
	at org.apache.maven.surefire.junitplatform.JUnitPlatformProvider.invokeAllTests(JUnitPlatformProvider.java:168) ~[surefire-junit-platform-3.5.6.jar:3.5.6]
	at org.apache.maven.surefire.junitplatform.JUnitPlatformProvider.invoke(JUnitPlatformProvider.java:136) ~[surefire-junit-platform-3.5.6.jar:3.5.6]
	at org.apache.maven.surefire.booter.ForkedBooter.runSuitesInProcess(ForkedBooter.java:385) ~[surefire-booter-3.5.6.jar:3.5.6]
	at org.apache.maven.surefire.booter.ForkedBooter.execute(ForkedBooter.java:162) ~[surefire-booter-3.5.6.jar:3.5.6]
	at org.apache.maven.surefire.booter.ForkedBooter.run(ForkedBooter.java:507) ~[surefire-booter-3.5.6.jar:3.5.6]
	at org.apache.maven.surefire.booter.ForkedBooter.main(ForkedBooter.java:495) ~[surefire-booter-3.5.6.jar:3.5.6]
Caused by: org.springframework.beans.factory.UnsatisfiedDependencyException: Error creating bean with name 'helloController' defined in file [D:\Files\WebService\springboot\target\classes\com\webservice\springboot\helloController.class]: Unsatisfied dependency expressed through constructor parameter 0: No qualifying bean of type 'com.webservice.springboot.helloRepository' available: expected at least 1 bean which qualifies as autowire candidate. Dependency annotations: {}
	at org.springframework.beans.factory.support.ConstructorResolver.createArgumentArray(ConstructorResolver.java:804) ~[spring-beans-7.0.8.jar:7.0.8]
	at org.springframework.beans.factory.support.ConstructorResolver.autowireConstructor(ConstructorResolver.java:240) ~[spring-beans-7.0.8.jar:7.0.8]
	at org.springframework.beans.factory.support.AbstractAutowireCapableBeanFactory.autowireConstructor(AbstractAutowireCapableBeanFactory.java:1380) ~[spring-beans-7.0.8.jar:7.0.8]
	at org.springframework.beans.factory.support.AbstractAutowireCapableBeanFactory.createBeanInstance(AbstractAutowireCapableBeanFactory.java:1219) ~[spring-beans-7.0.8.jar:7.0.8]
	at org.springframework.beans.factory.support.AbstractAutowireCapableBeanFactory.doCreateBean(AbstractAutowireCapableBeanFactory.java:565) ~[spring-beans-7.0.8.jar:7.0.8]
	at org.springframework.beans.factory.support.AbstractAutowireCapableBeanFactory.createBean(AbstractAutowireCapableBeanFactory.java:525) ~[spring-beans-7.0.8.jar:7.0.8]
	at org.springframework.beans.factory.support.AbstractBeanFactory.lambda$doGetBean$0(AbstractBeanFactory.java:333) ~[spring-beans-7.0.8.jar:7.0.8]
	at org.springframework.beans.factory.support.DefaultSingletonBeanRegistry.getSingleton(DefaultSingletonBeanRegistry.java:371) ~[spring-beans-7.0.8.jar:7.0.8]
	at org.springframework.beans.factory.support.AbstractBeanFactory.doGetBean(AbstractBeanFactory.java:331) ~[spring-beans-7.0.8.jar:7.0.8]
	at org.springframework.beans.factory.support.AbstractBeanFactory.getBean(AbstractBeanFactory.java:196) ~[spring-beans-7.0.8.jar:7.0.8]
	at org.springframework.beans.factory.support.DefaultListableBeanFactory.instantiateSingleton(DefaultListableBeanFactory.java:1225) ~[spring-beans-7.0.8.jar:7.0.8]
	at org.springframework.beans.factory.support.DefaultListableBeanFactory.preInstantiateSingleton(DefaultListableBeanFactory.java:1191) ~[spring-beans-7.0.8.jar:7.0.8]
	at org.springframework.beans.factory.support.DefaultListableBeanFactory.preInstantiateSingletons(DefaultListableBeanFactory.java:1121) ~[spring-beans-7.0.8.jar:7.0.8]
	at org.springframework.context.support.AbstractApplicationContext.finishBeanFactoryInitialization(AbstractApplicationContext.java:994) ~[spring-context-7.0.8.jar:7.0.8]
	at org.springframework.context.support.AbstractApplicationContext.refresh(AbstractApplicationContext.java:621) ~[spring-context-7.0.8.jar:7.0.8]
	at org.springframework.boot.SpringApplication.refresh(SpringApplication.java:756) ~[spring-boot-4.1.0.jar:4.1.0]
	at org.springframework.boot.SpringApplication.refreshContext(SpringApplication.java:445) ~[spring-boot-4.1.0.jar:4.1.0]
	at org.springframework.boot.SpringApplication.run(SpringApplication.java:321) ~[spring-boot-4.1.0.jar:4.1.0]
	at org.springframework.boot.test.context.SpringBootContextLoader.lambda$loadContext$2(SpringBootContextLoader.java:155) ~[spring-boot-test-4.1.0.jar:4.1.0]
	at org.springframework.util.function.ThrowingSupplier.get(ThrowingSupplier.java:58) ~[spring-core-7.0.8.jar:7.0.8]
	at org.springframework.util.function.ThrowingSupplier.get(ThrowingSupplier.java:46) ~[spring-core-7.0.8.jar:7.0.8]
	at org.springframework.boot.SpringApplication.withHook(SpringApplication.java:1465) ~[spring-boot-4.1.0.jar:4.1.0]
	at org.springframework.boot.test.context.SpringBootContextLoader$ContextLoaderHook.run(SpringBootContextLoader.java:600) ~[spring-boot-test-4.1.0.jar:4.1.0]
	at org.springframework.boot.test.context.SpringBootContextLoader.loadContext(SpringBootContextLoader.java:155) ~[spring-boot-test-4.1.0.jar:4.1.0]
	at org.springframework.boot.test.context.SpringBootContextLoader.loadContext(SpringBootContextLoader.java:114) ~[spring-boot-test-4.1.0.jar:4.1.0]
	at org.springframework.test.context.cache.DefaultCacheAwareContextLoaderDelegate.loadContextInternal(DefaultCacheAwareContextLoaderDelegate.java:247) ~[spring-test-7.0.8.jar:7.0.8]
	at org.springframework.test.context.cache.DefaultCacheAwareContextLoaderDelegate.lambda$loadContext$0(DefaultCacheAwareContextLoaderDelegate.java:167) ~[spring-test-7.0.8.jar:7.0.8]
	... 86 common frames omitted
Caused by: org.springframework.beans.factory.NoSuchBeanDefinitionException: No qualifying bean of type 'com.webservice.springboot.helloRepository' available: expected at least 1 bean which qualifies as autowire candidate. Dependency annotations: {}
	at org.springframework.beans.factory.support.DefaultListableBeanFactory.raiseNoMatchingBeanFound(DefaultListableBeanFactory.java:2304) ~[spring-beans-7.0.8.jar:7.0.8]
	at org.springframework.beans.factory.support.DefaultListableBeanFactory.doResolveDependency(DefaultListableBeanFactory.java:1732) ~[spring-beans-7.0.8.jar:7.0.8]
	at org.springframework.beans.factory.support.DefaultListableBeanFactory.resolveDependency(DefaultListableBeanFactory.java:1658) ~[spring-beans-7.0.8.jar:7.0.8]
	at org.springframework.beans.factory.support.ConstructorResolver.resolveAutowiredArgument(ConstructorResolver.java:912) ~[spring-beans-7.0.8.jar:7.0.8]
	at org.springframework.beans.factory.support.ConstructorResolver.createArgumentArray(ConstructorResolver.java:791) ~[spring-beans-7.0.8.jar:7.0.8]
	... 112 common frames omitted

2026-06-23T19:46:36.086+07:00  WARN 4864 --- [springboot] [main] o.s.test.context.TestContextManager      : Caught exception while allowing TestExecutionListener [org.springframework.test.context.support.DependencyInjectionTestExecutionListener] to prepare test instance [com.webservice.springboot.helloControllerTest@4a92c6a9]

java.lang.IllegalStateException: ApplicationContext failure threshold (1) exceeded: skipping repeated attempt to load context for [WebMergedContextConfiguration@1823b9c4 testClass = com.webservice.springboot.helloControllerTest, locations = [], classes = [com.webservice.springboot.SpringbootApplication], contextInitializerClasses = [], activeProfiles = [], propertySourceDescriptors = [], propertySourceProperties = ["org.springframework.boot.webmvc.test.autoconfigure.WebMvcTestContextBootstrapper=true"], contextCustomizers = [[ImportsContextCustomizer@5b5dce5c key = [org.springframework.boot.data.autoconfigure.web.DataWebAutoConfiguration, org.springframework.boot.autoconfigure.task.TaskExecutionAutoConfiguration, org.springframework.boot.webmvc.autoconfigure.error.ErrorMvcAutoConfiguration, org.springframework.boot.webmvc.autoconfigure.WebMvcAutoConfiguration, org.springframework.boot.http.converter.autoconfigure.HttpMessageConvertersAutoConfiguration, org.springframework.boot.webmvc.test.autoconfigure.MockMvcWebDriverAutoConfiguration, org.springframework.boot.jackson.autoconfigure.JacksonAutoConfiguration, org.springframework.boot.webmvc.test.autoconfigure.MockMvcWebClientAutoConfiguration, org.springframework.boot.autoconfigure.context.MessageSourceAutoConfiguration, org.springframework.boot.servlet.autoconfigure.HttpEncodingAutoConfiguration, org.springframework.boot.webmvc.test.autoconfigure.MockMvcAutoConfiguration]], org.springframework.boot.test.context.PropertyMappingContextCustomizer@2d298995, org.springframework.boot.test.context.filter.ExcludeFilterContextCustomizer@7a48e6e2, org.springframework.boot.test.context.filter.annotation.TypeExcludeFiltersContextCustomizer@e6addf6b, org.springframework.boot.test.json.DuplicateJsonObjectContextCustomizerFactory$DuplicateJsonObjectContextCustomizer@3d08f3f5, org.springframework.boot.test.autoconfigure.OnFailureConditionReportContextCustomizerFactory$OnFailureConditionReportContextCustomizer@5b970f7, org.springframework.boot.test.autoconfigure.OverrideAutoConfigurationContextCustomizerFactory$DisableAutoConfigurationContextCustomizer@756cf158, org.springframework.test.context.support.DynamicPropertiesContextCustomizer@0, org.springframework.boot.webmvc.test.autoconfigure.WebDriverContextCustomizer@63c5efee, org.springframework.boot.web.server.context.SpringBootTestRandomPortContextCustomizer@172ca72b, org.springframework.boot.test.context.SpringBootTestAnnotation@44037813], resourceBasePath = "src/main/webapp", contextLoader = org.springframework.boot.test.context.SpringBootContextLoader, parent = null]
	at org.springframework.test.context.cache.DefaultCacheAwareContextLoaderDelegate.loadContext(DefaultCacheAwareContextLoaderDelegate.java:157) ~[spring-test-7.0.8.jar:7.0.8]
	at org.springframework.test.context.support.DefaultTestContext.getApplicationContext(DefaultTestContext.java:128) ~[spring-test-7.0.8.jar:7.0.8]
	at org.springframework.test.context.support.DependencyInjectionTestExecutionListener.injectDependencies(DependencyInjectionTestExecutionListener.java:156) ~[spring-test-7.0.8.jar:7.0.8]
	at org.springframework.test.context.support.DependencyInjectionTestExecutionListener.prepareTestInstance(DependencyInjectionTestExecutionListener.java:111) ~[spring-test-7.0.8.jar:7.0.8]
	at org.springframework.test.context.TestContextManager.prepareTestInstance(TestContextManager.java:260) ~[spring-test-7.0.8.jar:7.0.8]
	at org.springframework.test.context.junit.jupiter.SpringExtension.postProcessTestInstance(SpringExtension.java:242) ~[spring-test-7.0.8.jar:7.0.8]
	at org.junit.jupiter.engine.descriptor.ClassBasedTestDescriptor.lambda$invokeTestInstancePostProcessors$1(ClassBasedTestDescriptor.java:423) ~[junit-jupiter-engine-6.0.3.jar:6.0.3]
	at org.junit.jupiter.engine.descriptor.ClassBasedTestDescriptor.executeAndMaskThrowable(ClassBasedTestDescriptor.java:428) ~[junit-jupiter-engine-6.0.3.jar:6.0.3]
	at org.junit.jupiter.engine.descriptor.ClassBasedTestDescriptor.lambda$invokeTestInstancePostProcessors$0(ClassBasedTestDescriptor.java:422) ~[junit-jupiter-engine-6.0.3.jar:6.0.3]
	at java.base/java.util.stream.ForEachOps$ForEachOp$OfRef.accept(ForEachOps.java:186) ~[na:na]
	at java.base/java.util.stream.ReferencePipeline$3$1.accept(ReferencePipeline.java:214) ~[na:na]
	at java.base/java.util.stream.ReferencePipeline$2$1.accept(ReferencePipeline.java:197) ~[na:na]
	at java.base/java.util.stream.ReferencePipeline$3$1.accept(ReferencePipeline.java:214) ~[na:na]
	at java.base/java.util.ArrayList$ArrayListSpliterator.forEachRemaining(ArrayList.java:1716) ~[na:na]
	at java.base/java.util.stream.AbstractPipeline.copyInto(AbstractPipeline.java:570) ~[na:na]
	at java.base/java.util.stream.AbstractPipeline.wrapAndCopyInto(AbstractPipeline.java:560) ~[na:na]
	at java.base/java.util.stream.ForEachOps$ForEachOp.evaluateSequential(ForEachOps.java:153) ~[na:na]
	at java.base/java.util.stream.ForEachOps$ForEachOp$OfRef.evaluateSequential(ForEachOps.java:176) ~[na:na]
	at java.base/java.util.stream.AbstractPipeline.evaluate(AbstractPipeline.java:265) ~[na:na]
	at java.base/java.util.stream.ReferencePipeline.forEach(ReferencePipeline.java:632) ~[na:na]
	at org.junit.jupiter.engine.descriptor.ClassBasedTestDescriptor.invokeTestInstancePostProcessors(ClassBasedTestDescriptor.java:422) ~[junit-jupiter-engine-6.0.3.jar:6.0.3]
	at org.junit.jupiter.engine.descriptor.ClassBasedTestDescriptor.lambda$instantiateAndPostProcessTestInstance$0(ClassBasedTestDescriptor.java:334) ~[junit-jupiter-engine-6.0.3.jar:6.0.3]
	at org.junit.platform.engine.support.hierarchical.ThrowableCollector.execute(ThrowableCollector.java:74) ~[junit-platform-engine-6.0.3.jar:6.0.3]
	at org.junit.jupiter.engine.descriptor.ClassBasedTestDescriptor.instantiateAndPostProcessTestInstance(ClassBasedTestDescriptor.java:333) ~[junit-jupiter-engine-6.0.3.jar:6.0.3]
	at org.junit.jupiter.engine.descriptor.ClassBasedTestDescriptor.lambda$testInstancesProvider$1(ClassBasedTestDescriptor.java:322) ~[junit-jupiter-engine-6.0.3.jar:6.0.3]
	at java.base/java.util.Optional.orElseGet(Optional.java:364) ~[na:na]
	at org.junit.jupiter.engine.descriptor.ClassBasedTestDescriptor.lambda$testInstancesProvider$0(ClassBasedTestDescriptor.java:321) ~[junit-jupiter-engine-6.0.3.jar:6.0.3]
	at org.junit.jupiter.engine.execution.TestInstancesProvider.getTestInstances(TestInstancesProvider.java:27) ~[junit-jupiter-engine-6.0.3.jar:6.0.3]
	at org.junit.jupiter.engine.descriptor.TestMethodTestDescriptor.lambda$prepare$0(TestMethodTestDescriptor.java:127) ~[junit-jupiter-engine-6.0.3.jar:6.0.3]
	at org.junit.platform.engine.support.hierarchical.ThrowableCollector.execute(ThrowableCollector.java:74) ~[junit-platform-engine-6.0.3.jar:6.0.3]
	at org.junit.jupiter.engine.descriptor.TestMethodTestDescriptor.prepare(TestMethodTestDescriptor.java:126) ~[junit-jupiter-engine-6.0.3.jar:6.0.3]
	at org.junit.jupiter.engine.descriptor.TestMethodTestDescriptor.prepare(TestMethodTestDescriptor.java:70) ~[junit-jupiter-engine-6.0.3.jar:6.0.3]
	at org.junit.platform.engine.support.hierarchical.NodeTestTask.lambda$prepare$0(NodeTestTask.java:144) ~[junit-platform-engine-6.0.3.jar:6.0.3]
	at org.junit.platform.engine.support.hierarchical.ThrowableCollector.execute(ThrowableCollector.java:74) ~[junit-platform-engine-6.0.3.jar:6.0.3]
	at org.junit.platform.engine.support.hierarchical.NodeTestTask.prepare(NodeTestTask.java:144) ~[junit-platform-engine-6.0.3.jar:6.0.3]
	at org.junit.platform.engine.support.hierarchical.NodeTestTask.execute(NodeTestTask.java:110) ~[junit-platform-engine-6.0.3.jar:6.0.3]
	at java.base/java.util.ArrayList.forEach(ArrayList.java:1604) ~[na:na]
	at org.junit.platform.engine.support.hierarchical.SameThreadHierarchicalTestExecutorService.invokeAll(SameThreadHierarchicalTestExecutorService.java:42) ~[junit-platform-engine-6.0.3.jar:6.0.3]
	at org.junit.platform.engine.support.hierarchical.NodeTestTask.lambda$executeRecursively$2(NodeTestTask.java:180) ~[junit-platform-engine-6.0.3.jar:6.0.3]
	at org.junit.platform.engine.support.hierarchical.ThrowableCollector.execute(ThrowableCollector.java:74) ~[junit-platform-engine-6.0.3.jar:6.0.3]
	at org.junit.platform.engine.support.hierarchical.NodeTestTask.lambda$executeRecursively$1(NodeTestTask.java:166) ~[junit-platform-engine-6.0.3.jar:6.0.3]
	at org.junit.platform.engine.support.hierarchical.Node.around(Node.java:138) ~[junit-platform-engine-6.0.3.jar:6.0.3]
	at org.junit.platform.engine.support.hierarchical.NodeTestTask.lambda$executeRecursively$0(NodeTestTask.java:164) ~[junit-platform-engine-6.0.3.jar:6.0.3]
	at org.junit.platform.engine.support.hierarchical.ThrowableCollector.execute(ThrowableCollector.java:74) ~[junit-platform-engine-6.0.3.jar:6.0.3]
	at org.junit.platform.engine.support.hierarchical.NodeTestTask.executeRecursively(NodeTestTask.java:163) ~[junit-platform-engine-6.0.3.jar:6.0.3]
	at org.junit.platform.engine.support.hierarchical.NodeTestTask.execute(NodeTestTask.java:116) ~[junit-platform-engine-6.0.3.jar:6.0.3]
	at java.base/java.util.ArrayList.forEach(ArrayList.java:1604) ~[na:na]
	at org.junit.platform.engine.support.hierarchical.SameThreadHierarchicalTestExecutorService.invokeAll(SameThreadHierarchicalTestExecutorService.java:42) ~[junit-platform-engine-6.0.3.jar:6.0.3]
	at org.junit.platform.engine.support.hierarchical.NodeTestTask.lambda$executeRecursively$2(NodeTestTask.java:180) ~[junit-platform-engine-6.0.3.jar:6.0.3]
	at org.junit.platform.engine.support.hierarchical.ThrowableCollector.execute(ThrowableCollector.java:74) ~[junit-platform-engine-6.0.3.jar:6.0.3]
	at org.junit.platform.engine.support.hierarchical.NodeTestTask.lambda$executeRecursively$1(NodeTestTask.java:166) ~[junit-platform-engine-6.0.3.jar:6.0.3]
	at org.junit.platform.engine.support.hierarchical.Node.around(Node.java:138) ~[junit-platform-engine-6.0.3.jar:6.0.3]
	at org.junit.platform.engine.support.hierarchical.NodeTestTask.lambda$executeRecursively$0(NodeTestTask.java:164) ~[junit-platform-engine-6.0.3.jar:6.0.3]
	at org.junit.platform.engine.support.hierarchical.ThrowableCollector.execute(ThrowableCollector.java:74) ~[junit-platform-engine-6.0.3.jar:6.0.3]
	at org.junit.platform.engine.support.hierarchical.NodeTestTask.executeRecursively(NodeTestTask.java:163) ~[junit-platform-engine-6.0.3.jar:6.0.3]
	at org.junit.platform.engine.support.hierarchical.NodeTestTask.execute(NodeTestTask.java:116) ~[junit-platform-engine-6.0.3.jar:6.0.3]
	at org.junit.platform.engine.support.hierarchical.SameThreadHierarchicalTestExecutorService.submit(SameThreadHierarchicalTestExecutorService.java:36) ~[junit-platform-engine-6.0.3.jar:6.0.3]
	at org.junit.platform.engine.support.hierarchical.HierarchicalTestExecutor.execute(HierarchicalTestExecutor.java:52) ~[junit-platform-engine-6.0.3.jar:6.0.3]
	at org.junit.platform.engine.support.hierarchical.HierarchicalTestEngine.execute(HierarchicalTestEngine.java:58) ~[junit-platform-engine-6.0.3.jar:6.0.3]
	at org.junit.platform.launcher.core.EngineExecutionOrchestrator.executeEngine(EngineExecutionOrchestrator.java:246) ~[junit-platform-launcher-6.0.3.jar:6.0.3]
	at org.junit.platform.launcher.core.EngineExecutionOrchestrator.failOrExecuteEngine(EngineExecutionOrchestrator.java:218) ~[junit-platform-launcher-6.0.3.jar:6.0.3]
	at org.junit.platform.launcher.core.EngineExecutionOrchestrator.execute(EngineExecutionOrchestrator.java:179) ~[junit-platform-launcher-6.0.3.jar:6.0.3]
	at org.junit.platform.launcher.core.EngineExecutionOrchestrator.execute(EngineExecutionOrchestrator.java:108) ~[junit-platform-launcher-6.0.3.jar:6.0.3]
	at org.junit.platform.launcher.core.EngineExecutionOrchestrator.lambda$execute$0(EngineExecutionOrchestrator.java:66) ~[junit-platform-launcher-6.0.3.jar:6.0.3]
	at org.junit.platform.launcher.core.EngineExecutionOrchestrator.withInterceptedStreams(EngineExecutionOrchestrator.java:157) ~[junit-platform-launcher-6.0.3.jar:6.0.3]
	at org.junit.platform.launcher.core.EngineExecutionOrchestrator.execute(EngineExecutionOrchestrator.java:65) ~[junit-platform-launcher-6.0.3.jar:6.0.3]
	at org.junit.platform.launcher.core.DefaultLauncher.execute(DefaultLauncher.java:125) ~[junit-platform-launcher-6.0.3.jar:6.0.3]
	at org.junit.platform.launcher.core.DefaultLauncher.execute(DefaultLauncher.java:114) ~[junit-platform-launcher-6.0.3.jar:6.0.3]
	at org.junit.platform.launcher.core.DelegatingLauncher.execute(DelegatingLauncher.java:58) ~[junit-platform-launcher-6.0.3.jar:6.0.3]
	at org.junit.platform.launcher.core.InterceptingLauncher.lambda$execute$2(InterceptingLauncher.java:57) ~[junit-platform-launcher-6.0.3.jar:6.0.3]
	at org.junit.platform.launcher.core.ClasspathAlignmentCheckingLauncherInterceptor.intercept(ClasspathAlignmentCheckingLauncherInterceptor.java:25) ~[junit-platform-launcher-6.0.3.jar:6.0.3]
	at org.junit.platform.launcher.core.InterceptingLauncher.execute(InterceptingLauncher.java:56) ~[junit-platform-launcher-6.0.3.jar:6.0.3]
	at org.junit.platform.launcher.core.DelegatingLauncher.execute(DelegatingLauncher.java:58) ~[junit-platform-launcher-6.0.3.jar:6.0.3]
	at java.base/jdk.internal.reflect.DirectMethodHandleAccessor.invoke(DirectMethodHandleAccessor.java:104) ~[na:na]
	at java.base/java.lang.reflect.Method.invoke(Method.java:565) ~[na:na]
	at org.apache.maven.surefire.api.util.ReflectionUtils.invokeMethodWithArray(ReflectionUtils.java:125) ~[surefire-api-3.5.6.jar:3.5.6]
	at org.apache.maven.surefire.junitplatform.LauncherAdapter.executeWithCancellationToken(LauncherAdapter.java:68) ~[surefire-junit-platform-3.5.6.jar:3.5.6]
	at org.apache.maven.surefire.junitplatform.LauncherAdapter.execute(LauncherAdapter.java:54) ~[surefire-junit-platform-3.5.6.jar:3.5.6]
	at org.apache.maven.surefire.junitplatform.JUnitPlatformProvider.execute(JUnitPlatformProvider.java:203) ~[surefire-junit-platform-3.5.6.jar:3.5.6]
	at org.apache.maven.surefire.junitplatform.JUnitPlatformProvider.invokeAllTests(JUnitPlatformProvider.java:168) ~[surefire-junit-platform-3.5.6.jar:3.5.6]
	at org.apache.maven.surefire.junitplatform.JUnitPlatformProvider.invoke(JUnitPlatformProvider.java:136) ~[surefire-junit-platform-3.5.6.jar:3.5.6]
	at org.apache.maven.surefire.booter.ForkedBooter.runSuitesInProcess(ForkedBooter.java:385) ~[surefire-booter-3.5.6.jar:3.5.6]
	at org.apache.maven.surefire.booter.ForkedBooter.execute(ForkedBooter.java:162) ~[surefire-booter-3.5.6.jar:3.5.6]
	at org.apache.maven.surefire.booter.ForkedBooter.run(ForkedBooter.java:507) ~[surefire-booter-3.5.6.jar:3.5.6]
	at org.apache.maven.surefire.booter.ForkedBooter.main(ForkedBooter.java:495) ~[surefire-booter-3.5.6.jar:3.5.6]

2026-06-23T19:46:36.126+07:00  INFO 4864 --- [springboot] [main] t.c.s.AnnotationConfigContextLoaderUtils : Could not detect default configuration classes for test class [com.webservice.springboot.SpringbootApplicationTests]: SpringbootApplicationTests does not declare any static, non-private, non-final, nested classes annotated with @Configuration.
2026-06-23T19:46:36.131+07:00  INFO 4864 --- [springboot] [main] .b.t.c.SpringBootTestContextBootstrapper : Found @SpringBootConfiguration com.webservice.springboot.SpringbootApplication for test class com.webservice.springboot.SpringbootApplicationTests
2026-06-23T19:46:36.137+07:00  INFO 4864 --- [springboot] [main] t.c.s.AnnotationConfigContextLoaderUtils : Could not detect default configuration classes for test class [com.webservice.springboot.SpringbootApplicationTests]: SpringbootApplicationTests does not declare any static, non-private, non-final, nested classes annotated with @Configuration.
2026-06-23T19:46:36.140+07:00  INFO 4864 --- [springboot] [main] .b.t.c.SpringBootTestContextBootstrapper : Found @SpringBootConfiguration com.webservice.springboot.SpringbootApplication for test class com.webservice.springboot.SpringbootApplicationTests
2026-06-23T19:46:36.225+07:00  INFO 4864 --- [springboot] [main] c.w.s.SpringbootApplicationTests         : Starting SpringbootApplicationTests using Java 25.0.3 with PID 4864 (started by chris in D:\Files\WebService\springboot)
2026-06-23T19:46:36.225+07:00 DEBUG 4864 --- [springboot] [main] c.w.s.SpringbootApplicationTests         : Running with Spring Boot v4.1.0, Spring v7.0.8
2026-06-23T19:46:36.225+07:00  INFO 4864 --- [springboot] [main] c.w.s.SpringbootApplicationTests         : No active profile set, falling back to 1 default profile: "default"
2026-06-23T19:46:36.637+07:00  INFO 4864 --- [springboot] [main] .s.d.r.c.RepositoryConfigurationDelegate : Bootstrapping Spring Data JPA repositories in DEFAULT mode.
2026-06-23T19:46:36.693+07:00  INFO 4864 --- [springboot] [main] .s.d.r.c.RepositoryConfigurationDelegate : Finished Spring Data repository scanning in 42 ms. Found 1 JPA repository interface.
2026-06-23T19:46:37.115+07:00  INFO 4864 --- [springboot] [main] org.hibernate.orm.jpa                    : HHH008540: Processing PersistenceUnitInfo [name: default]
2026-06-23T19:46:37.197+07:00  INFO 4864 --- [springboot] [main] org.hibernate.orm.core                   : HHH000001: Hibernate ORM core version 7.4.1.Final
2026-06-23T19:46:37.917+07:00  INFO 4864 --- [springboot] [main] o.s.o.j.p.SpringPersistenceUnitInfo      : No LoadTimeWeaver setup: ignoring JPA class transformer
2026-06-23T19:46:37.964+07:00  INFO 4864 --- [springboot] [main] com.zaxxer.hikari.HikariDataSource       : HikariPool-1 - Starting...
2026-06-23T19:46:38.234+07:00  INFO 4864 --- [springboot] [main] com.zaxxer.hikari.pool.HikariPool        : HikariPool-1 - Added connection conn0: url=jdbc:h2:mem:testdb user=SA
2026-06-23T19:46:38.237+07:00  INFO 4864 --- [springboot] [main] com.zaxxer.hikari.HikariDataSource       : HikariPool-1 - Start completed.
2026-06-23T19:46:38.344+07:00  INFO 4864 --- [springboot] [main] org.hibernate.orm.connections.pooling    : HHH10001005: Database info:
	Database JDBC URL [jdbc:h2:mem:testdb]
	Database driver: H2 JDBC Driver
	Database dialect: H2Dialect
	Database version: 2.4.240
	Default catalog/schema: TESTDB/PUBLIC
	Autocommit mode: undefined/unknown
	Isolation level: READ_COMMITTED [default READ_COMMITTED]
	JDBC fetch size: 100
	Pool: DataSourceConnectionProvider
	Minimum pool size: undefined/unknown
	Maximum pool size: undefined/unknown
2026-06-23T19:46:39.260+07:00  INFO 4864 --- [springboot] [main] org.hibernate.orm.core                   : HHH000182: No default (no-argument) constructor for class [com.webservice.springboot.hello] (class must be instantiated by Interceptor)
2026-06-23T19:46:39.563+07:00  INFO 4864 --- [springboot] [main] org.hibernate.orm.core                   : HHH000489: No JTA platform available (set 'hibernate.transaction.jta.platform' to enable JTA platform integration)
2026-06-23T19:46:39.646+07:00  INFO 4864 --- [springboot] [main] j.LocalContainerEntityManagerFactoryBean : Initialized JPA EntityManagerFactory for persistence unit 'default'
2026-06-23T19:46:39.753+07:00  INFO 4864 --- [springboot] [main] o.s.d.j.r.query.QueryEnhancerFactories   : Hibernate is in classpath; If applicable, HQL parser will be used.
2026-06-23T19:46:39.969+07:00  WARN 4864 --- [springboot] [main] JpaBaseConfiguration$JpaWebConfiguration : spring.jpa.open-in-view is enabled by default. Therefore, database queries may be performed during view rendering. Explicitly configure spring.jpa.open-in-view to disable this warning
2026-06-23T19:46:40.525+07:00  INFO 4864 --- [springboot] [main] c.w.s.SpringbootApplicationTests         : Started SpringbootApplicationTests in 4.379 seconds (process running for 7.388)
2026-06-23T19:46:40.983+07:00  INFO 4864 --- [springboot] [SpringApplicationShutdownHook] j.LocalContainerEntityManagerFactoryBean : Closing JPA EntityManagerFactory for persistence unit 'default'
2026-06-23T19:46:40.985+07:00  INFO 4864 --- [springboot] [SpringApplicationShutdownHook] com.zaxxer.hikari.HikariDataSource       : HikariPool-1 - Shutdown initiated...
2026-06-23T19:46:40.988+07:00  INFO 4864 --- [springboot] [SpringApplicationShutdownHook] com.zaxxer.hikari.HikariDataSource       : HikariPool-1 - Shutdown completed.
2026-06-23T19:47:21.729+07:00  INFO 8716 --- [springboot] [main] c.w.springboot.helloControllerTest       : Starting helloControllerTest using Java 25.0.3 with PID 8716 (started by chris in D:\Files\WebService\springboot)
2026-06-23T19:47:21.731+07:00 DEBUG 8716 --- [springboot] [main] c.w.springboot.helloControllerTest       : Running with Spring Boot v4.1.0, Spring v7.0.8
2026-06-23T19:47:21.733+07:00  INFO 8716 --- [springboot] [main] c.w.springboot.helloControllerTest       : No active profile set, falling back to 1 default profile: "default"
2026-06-23T19:47:22.489+07:00  WARN 8716 --- [springboot] [main] o.s.w.c.s.GenericWebApplicationContext   : Exception encountered during context initialization - cancelling refresh attempt: org.springframework.beans.factory.UnsatisfiedDependencyException: Error creating bean with name 'helloController' defined in file [D:\Files\WebService\springboot\target\classes\com\webservice\springboot\helloController.class]: Unsatisfied dependency expressed through constructor parameter 0: No qualifying bean of type 'com.webservice.springboot.helloRepository' available: expected at least 1 bean which qualifies as autowire candidate. Dependency annotations: {}
2026-06-23T19:47:22.505+07:00  INFO 8716 --- [springboot] [main] .s.b.a.l.ConditionEvaluationReportLogger : 

Error starting ApplicationContext. To display the condition evaluation report re-run your application with 'debug' enabled.
2026-06-23T19:47:22.536+07:00 ERROR 8716 --- [springboot] [main] o.s.b.d.LoggingFailureAnalysisReporter   : 

***************************
APPLICATION FAILED TO START
***************************

Description:

Parameter 0 of constructor in com.webservice.springboot.helloController required a bean of type 'com.webservice.springboot.helloRepository' that could not be found.


Action:

Consider defining a bean of type 'com.webservice.springboot.helloRepository' in your configuration.

2026-06-23T19:47:22.542+07:00  WARN 8716 --- [springboot] [main] o.s.test.context.TestContextManager      : Caught exception while allowing TestExecutionListener [org.springframework.test.context.support.DependencyInjectionTestExecutionListener] to prepare test instance [com.webservice.springboot.helloControllerTest@7c37f145]

java.lang.IllegalStateException: Failed to load ApplicationContext for [WebMergedContextConfiguration@479111ba testClass = com.webservice.springboot.helloControllerTest, locations = [], classes = [com.webservice.springboot.SpringbootApplication], contextInitializerClasses = [], activeProfiles = [], propertySourceDescriptors = [], propertySourceProperties = ["org.springframework.boot.webmvc.test.autoconfigure.WebMvcTestContextBootstrapper=true"], contextCustomizers = [[ImportsContextCustomizer@57ad1178 key = [org.springframework.boot.data.autoconfigure.web.DataWebAutoConfiguration, org.springframework.boot.autoconfigure.task.TaskExecutionAutoConfiguration, org.springframework.boot.webmvc.autoconfigure.error.ErrorMvcAutoConfiguration, org.springframework.boot.webmvc.autoconfigure.WebMvcAutoConfiguration, org.springframework.boot.http.converter.autoconfigure.HttpMessageConvertersAutoConfiguration, org.springframework.boot.webmvc.test.autoconfigure.MockMvcWebDriverAutoConfiguration, org.springframework.boot.jackson.autoconfigure.JacksonAutoConfiguration, org.springframework.boot.webmvc.test.autoconfigure.MockMvcWebClientAutoConfiguration, org.springframework.boot.autoconfigure.context.MessageSourceAutoConfiguration, org.springframework.boot.servlet.autoconfigure.HttpEncodingAutoConfiguration, org.springframework.boot.webmvc.test.autoconfigure.MockMvcAutoConfiguration]], org.springframework.boot.test.context.PropertyMappingContextCustomizer@2d298995, org.springframework.boot.test.context.filter.ExcludeFilterContextCustomizer@72a85671, org.springframework.boot.test.context.filter.annotation.TypeExcludeFiltersContextCustomizer@eb04c764, org.springframework.boot.test.json.DuplicateJsonObjectContextCustomizerFactory$DuplicateJsonObjectContextCustomizer@89c10b7, org.springframework.boot.test.autoconfigure.OnFailureConditionReportContextCustomizerFactory$OnFailureConditionReportContextCustomizer@55795845, org.springframework.boot.test.autoconfigure.OverrideAutoConfigurationContextCustomizerFactory$DisableAutoConfigurationContextCustomizer@7fd4acee, org.springframework.test.context.support.DynamicPropertiesContextCustomizer@0, org.springframework.boot.webmvc.test.autoconfigure.WebDriverContextCustomizer@2c9399a4, org.springframework.boot.web.server.context.SpringBootTestRandomPortContextCustomizer@53ab0286, org.springframework.boot.test.context.SpringBootTestAnnotation@1d94de4e], resourceBasePath = "src/main/webapp", contextLoader = org.springframework.boot.test.context.SpringBootContextLoader, parent = null]
	at org.springframework.test.context.cache.DefaultCacheAwareContextLoaderDelegate.lambda$loadContext$0(DefaultCacheAwareContextLoaderDelegate.java:195) ~[spring-test-7.0.8.jar:7.0.8]
	at org.springframework.test.context.cache.DefaultContextCache.put(DefaultContextCache.java:214) ~[spring-test-7.0.8.jar:7.0.8]
	at org.springframework.test.context.cache.DefaultCacheAwareContextLoaderDelegate.loadContext(DefaultCacheAwareContextLoaderDelegate.java:160) ~[spring-test-7.0.8.jar:7.0.8]
	at org.springframework.test.context.support.DefaultTestContext.getApplicationContext(DefaultTestContext.java:128) ~[spring-test-7.0.8.jar:7.0.8]
	at org.springframework.test.context.support.DependencyInjectionTestExecutionListener.injectDependencies(DependencyInjectionTestExecutionListener.java:156) ~[spring-test-7.0.8.jar:7.0.8]
	at org.springframework.test.context.support.DependencyInjectionTestExecutionListener.prepareTestInstance(DependencyInjectionTestExecutionListener.java:111) ~[spring-test-7.0.8.jar:7.0.8]
	at org.springframework.test.context.TestContextManager.prepareTestInstance(TestContextManager.java:260) ~[spring-test-7.0.8.jar:7.0.8]
	at org.springframework.test.context.junit.jupiter.SpringExtension.postProcessTestInstance(SpringExtension.java:242) ~[spring-test-7.0.8.jar:7.0.8]
	at org.junit.jupiter.engine.descriptor.ClassBasedTestDescriptor.lambda$invokeTestInstancePostProcessors$1(ClassBasedTestDescriptor.java:423) ~[junit-jupiter-engine-6.0.3.jar:6.0.3]
	at org.junit.jupiter.engine.descriptor.ClassBasedTestDescriptor.executeAndMaskThrowable(ClassBasedTestDescriptor.java:428) ~[junit-jupiter-engine-6.0.3.jar:6.0.3]
	at org.junit.jupiter.engine.descriptor.ClassBasedTestDescriptor.lambda$invokeTestInstancePostProcessors$0(ClassBasedTestDescriptor.java:422) ~[junit-jupiter-engine-6.0.3.jar:6.0.3]
	at java.base/java.util.stream.ForEachOps$ForEachOp$OfRef.accept(ForEachOps.java:186) ~[na:na]
	at java.base/java.util.stream.ReferencePipeline$3$1.accept(ReferencePipeline.java:214) ~[na:na]
	at java.base/java.util.stream.ReferencePipeline$2$1.accept(ReferencePipeline.java:197) ~[na:na]
	at java.base/java.util.stream.ReferencePipeline$3$1.accept(ReferencePipeline.java:214) ~[na:na]
	at java.base/java.util.ArrayList$ArrayListSpliterator.forEachRemaining(ArrayList.java:1716) ~[na:na]
	at java.base/java.util.stream.AbstractPipeline.copyInto(AbstractPipeline.java:570) ~[na:na]
	at java.base/java.util.stream.AbstractPipeline.wrapAndCopyInto(AbstractPipeline.java:560) ~[na:na]
	at java.base/java.util.stream.ForEachOps$ForEachOp.evaluateSequential(ForEachOps.java:153) ~[na:na]
	at java.base/java.util.stream.ForEachOps$ForEachOp$OfRef.evaluateSequential(ForEachOps.java:176) ~[na:na]
	at java.base/java.util.stream.AbstractPipeline.evaluate(AbstractPipeline.java:265) ~[na:na]
	at java.base/java.util.stream.ReferencePipeline.forEach(ReferencePipeline.java:632) ~[na:na]
	at org.junit.jupiter.engine.descriptor.ClassBasedTestDescriptor.invokeTestInstancePostProcessors(ClassBasedTestDescriptor.java:422) ~[junit-jupiter-engine-6.0.3.jar:6.0.3]
	at org.junit.jupiter.engine.descriptor.ClassBasedTestDescriptor.lambda$instantiateAndPostProcessTestInstance$0(ClassBasedTestDescriptor.java:334) ~[junit-jupiter-engine-6.0.3.jar:6.0.3]
	at org.junit.platform.engine.support.hierarchical.ThrowableCollector.execute(ThrowableCollector.java:74) ~[junit-platform-engine-6.0.3.jar:6.0.3]
	at org.junit.jupiter.engine.descriptor.ClassBasedTestDescriptor.instantiateAndPostProcessTestInstance(ClassBasedTestDescriptor.java:333) ~[junit-jupiter-engine-6.0.3.jar:6.0.3]
	at org.junit.jupiter.engine.descriptor.ClassBasedTestDescriptor.lambda$testInstancesProvider$1(ClassBasedTestDescriptor.java:322) ~[junit-jupiter-engine-6.0.3.jar:6.0.3]
	at java.base/java.util.Optional.orElseGet(Optional.java:364) ~[na:na]
	at org.junit.jupiter.engine.descriptor.ClassBasedTestDescriptor.lambda$testInstancesProvider$0(ClassBasedTestDescriptor.java:321) ~[junit-jupiter-engine-6.0.3.jar:6.0.3]
	at org.junit.jupiter.engine.execution.TestInstancesProvider.getTestInstances(TestInstancesProvider.java:27) ~[junit-jupiter-engine-6.0.3.jar:6.0.3]
	at org.junit.jupiter.engine.descriptor.TestMethodTestDescriptor.lambda$prepare$0(TestMethodTestDescriptor.java:127) ~[junit-jupiter-engine-6.0.3.jar:6.0.3]
	at org.junit.platform.engine.support.hierarchical.ThrowableCollector.execute(ThrowableCollector.java:74) ~[junit-platform-engine-6.0.3.jar:6.0.3]
	at org.junit.jupiter.engine.descriptor.TestMethodTestDescriptor.prepare(TestMethodTestDescriptor.java:126) ~[junit-jupiter-engine-6.0.3.jar:6.0.3]
	at org.junit.jupiter.engine.descriptor.TestMethodTestDescriptor.prepare(TestMethodTestDescriptor.java:70) ~[junit-jupiter-engine-6.0.3.jar:6.0.3]
	at org.junit.platform.engine.support.hierarchical.NodeTestTask.lambda$prepare$0(NodeTestTask.java:144) ~[junit-platform-engine-6.0.3.jar:6.0.3]
	at org.junit.platform.engine.support.hierarchical.ThrowableCollector.execute(ThrowableCollector.java:74) ~[junit-platform-engine-6.0.3.jar:6.0.3]
	at org.junit.platform.engine.support.hierarchical.NodeTestTask.prepare(NodeTestTask.java:144) ~[junit-platform-engine-6.0.3.jar:6.0.3]
	at org.junit.platform.engine.support.hierarchical.NodeTestTask.execute(NodeTestTask.java:110) ~[junit-platform-engine-6.0.3.jar:6.0.3]
	at java.base/java.util.ArrayList.forEach(ArrayList.java:1604) ~[na:na]
	at org.junit.platform.engine.support.hierarchical.SameThreadHierarchicalTestExecutorService.invokeAll(SameThreadHierarchicalTestExecutorService.java:42) ~[junit-platform-engine-6.0.3.jar:6.0.3]
	at org.junit.platform.engine.support.hierarchical.NodeTestTask.lambda$executeRecursively$2(NodeTestTask.java:180) ~[junit-platform-engine-6.0.3.jar:6.0.3]
	at org.junit.platform.engine.support.hierarchical.ThrowableCollector.execute(ThrowableCollector.java:74) ~[junit-platform-engine-6.0.3.jar:6.0.3]
	at org.junit.platform.engine.support.hierarchical.NodeTestTask.lambda$executeRecursively$1(NodeTestTask.java:166) ~[junit-platform-engine-6.0.3.jar:6.0.3]
	at org.junit.platform.engine.support.hierarchical.Node.around(Node.java:138) ~[junit-platform-engine-6.0.3.jar:6.0.3]
	at org.junit.platform.engine.support.hierarchical.NodeTestTask.lambda$executeRecursively$0(NodeTestTask.java:164) ~[junit-platform-engine-6.0.3.jar:6.0.3]
	at org.junit.platform.engine.support.hierarchical.ThrowableCollector.execute(ThrowableCollector.java:74) ~[junit-platform-engine-6.0.3.jar:6.0.3]
	at org.junit.platform.engine.support.hierarchical.NodeTestTask.executeRecursively(NodeTestTask.java:163) ~[junit-platform-engine-6.0.3.jar:6.0.3]
	at org.junit.platform.engine.support.hierarchical.NodeTestTask.execute(NodeTestTask.java:116) ~[junit-platform-engine-6.0.3.jar:6.0.3]
	at java.base/java.util.ArrayList.forEach(ArrayList.java:1604) ~[na:na]
	at org.junit.platform.engine.support.hierarchical.SameThreadHierarchicalTestExecutorService.invokeAll(SameThreadHierarchicalTestExecutorService.java:42) ~[junit-platform-engine-6.0.3.jar:6.0.3]
	at org.junit.platform.engine.support.hierarchical.NodeTestTask.lambda$executeRecursively$2(NodeTestTask.java:180) ~[junit-platform-engine-6.0.3.jar:6.0.3]
	at org.junit.platform.engine.support.hierarchical.ThrowableCollector.execute(ThrowableCollector.java:74) ~[junit-platform-engine-6.0.3.jar:6.0.3]
	at org.junit.platform.engine.support.hierarchical.NodeTestTask.lambda$executeRecursively$1(NodeTestTask.java:166) ~[junit-platform-engine-6.0.3.jar:6.0.3]
	at org.junit.platform.engine.support.hierarchical.Node.around(Node.java:138) ~[junit-platform-engine-6.0.3.jar:6.0.3]
	at org.junit.platform.engine.support.hierarchical.NodeTestTask.lambda$executeRecursively$0(NodeTestTask.java:164) ~[junit-platform-engine-6.0.3.jar:6.0.3]
	at org.junit.platform.engine.support.hierarchical.ThrowableCollector.execute(ThrowableCollector.java:74) ~[junit-platform-engine-6.0.3.jar:6.0.3]
	at org.junit.platform.engine.support.hierarchical.NodeTestTask.executeRecursively(NodeTestTask.java:163) ~[junit-platform-engine-6.0.3.jar:6.0.3]
	at org.junit.platform.engine.support.hierarchical.NodeTestTask.execute(NodeTestTask.java:116) ~[junit-platform-engine-6.0.3.jar:6.0.3]
	at org.junit.platform.engine.support.hierarchical.SameThreadHierarchicalTestExecutorService.submit(SameThreadHierarchicalTestExecutorService.java:36) ~[junit-platform-engine-6.0.3.jar:6.0.3]
	at org.junit.platform.engine.support.hierarchical.HierarchicalTestExecutor.execute(HierarchicalTestExecutor.java:52) ~[junit-platform-engine-6.0.3.jar:6.0.3]
	at org.junit.platform.engine.support.hierarchical.HierarchicalTestEngine.execute(HierarchicalTestEngine.java:58) ~[junit-platform-engine-6.0.3.jar:6.0.3]
	at org.junit.platform.launcher.core.EngineExecutionOrchestrator.executeEngine(EngineExecutionOrchestrator.java:246) ~[junit-platform-launcher-6.0.3.jar:6.0.3]
	at org.junit.platform.launcher.core.EngineExecutionOrchestrator.failOrExecuteEngine(EngineExecutionOrchestrator.java:218) ~[junit-platform-launcher-6.0.3.jar:6.0.3]
	at org.junit.platform.launcher.core.EngineExecutionOrchestrator.execute(EngineExecutionOrchestrator.java:179) ~[junit-platform-launcher-6.0.3.jar:6.0.3]
	at org.junit.platform.launcher.core.EngineExecutionOrchestrator.execute(EngineExecutionOrchestrator.java:108) ~[junit-platform-launcher-6.0.3.jar:6.0.3]
	at org.junit.platform.launcher.core.EngineExecutionOrchestrator.lambda$execute$0(EngineExecutionOrchestrator.java:66) ~[junit-platform-launcher-6.0.3.jar:6.0.3]
	at org.junit.platform.launcher.core.EngineExecutionOrchestrator.withInterceptedStreams(EngineExecutionOrchestrator.java:157) ~[junit-platform-launcher-6.0.3.jar:6.0.3]
	at org.junit.platform.launcher.core.EngineExecutionOrchestrator.execute(EngineExecutionOrchestrator.java:65) ~[junit-platform-launcher-6.0.3.jar:6.0.3]
	at org.junit.platform.launcher.core.DefaultLauncher.execute(DefaultLauncher.java:125) ~[junit-platform-launcher-6.0.3.jar:6.0.3]
	at org.junit.platform.launcher.core.DefaultLauncher.execute(DefaultLauncher.java:114) ~[junit-platform-launcher-6.0.3.jar:6.0.3]
	at org.junit.platform.launcher.core.DelegatingLauncher.execute(DelegatingLauncher.java:58) ~[junit-platform-launcher-6.0.3.jar:6.0.3]
	at org.junit.platform.launcher.core.InterceptingLauncher.lambda$execute$2(InterceptingLauncher.java:57) ~[junit-platform-launcher-6.0.3.jar:6.0.3]
	at org.junit.platform.launcher.core.ClasspathAlignmentCheckingLauncherInterceptor.intercept(ClasspathAlignmentCheckingLauncherInterceptor.java:25) ~[junit-platform-launcher-6.0.3.jar:6.0.3]
	at org.junit.platform.launcher.core.InterceptingLauncher.execute(InterceptingLauncher.java:56) ~[junit-platform-launcher-6.0.3.jar:6.0.3]
	at org.junit.platform.launcher.core.DelegatingLauncher.execute(DelegatingLauncher.java:58) ~[junit-platform-launcher-6.0.3.jar:6.0.3]
	at java.base/jdk.internal.reflect.DirectMethodHandleAccessor.invoke(DirectMethodHandleAccessor.java:104) ~[na:na]
	at java.base/java.lang.reflect.Method.invoke(Method.java:565) ~[na:na]
	at org.apache.maven.surefire.api.util.ReflectionUtils.invokeMethodWithArray(ReflectionUtils.java:125) ~[surefire-api-3.5.6.jar:3.5.6]
	at org.apache.maven.surefire.junitplatform.LauncherAdapter.executeWithCancellationToken(LauncherAdapter.java:68) ~[surefire-junit-platform-3.5.6.jar:3.5.6]
	at org.apache.maven.surefire.junitplatform.LauncherAdapter.execute(LauncherAdapter.java:54) ~[surefire-junit-platform-3.5.6.jar:3.5.6]
	at org.apache.maven.surefire.junitplatform.JUnitPlatformProvider.execute(JUnitPlatformProvider.java:203) ~[surefire-junit-platform-3.5.6.jar:3.5.6]
	at org.apache.maven.surefire.junitplatform.JUnitPlatformProvider.invokeAllTests(JUnitPlatformProvider.java:168) ~[surefire-junit-platform-3.5.6.jar:3.5.6]
	at org.apache.maven.surefire.junitplatform.JUnitPlatformProvider.invoke(JUnitPlatformProvider.java:136) ~[surefire-junit-platform-3.5.6.jar:3.5.6]
	at org.apache.maven.surefire.booter.ForkedBooter.runSuitesInProcess(ForkedBooter.java:385) ~[surefire-booter-3.5.6.jar:3.5.6]
	at org.apache.maven.surefire.booter.ForkedBooter.execute(ForkedBooter.java:162) ~[surefire-booter-3.5.6.jar:3.5.6]
	at org.apache.maven.surefire.booter.ForkedBooter.run(ForkedBooter.java:507) ~[surefire-booter-3.5.6.jar:3.5.6]
	at org.apache.maven.surefire.booter.ForkedBooter.main(ForkedBooter.java:495) ~[surefire-booter-3.5.6.jar:3.5.6]
Caused by: org.springframework.beans.factory.UnsatisfiedDependencyException: Error creating bean with name 'helloController' defined in file [D:\Files\WebService\springboot\target\classes\com\webservice\springboot\helloController.class]: Unsatisfied dependency expressed through constructor parameter 0: No qualifying bean of type 'com.webservice.springboot.helloRepository' available: expected at least 1 bean which qualifies as autowire candidate. Dependency annotations: {}
	at org.springframework.beans.factory.support.ConstructorResolver.createArgumentArray(ConstructorResolver.java:804) ~[spring-beans-7.0.8.jar:7.0.8]
	at org.springframework.beans.factory.support.ConstructorResolver.autowireConstructor(ConstructorResolver.java:240) ~[spring-beans-7.0.8.jar:7.0.8]
	at org.springframework.beans.factory.support.AbstractAutowireCapableBeanFactory.autowireConstructor(AbstractAutowireCapableBeanFactory.java:1380) ~[spring-beans-7.0.8.jar:7.0.8]
	at org.springframework.beans.factory.support.AbstractAutowireCapableBeanFactory.createBeanInstance(AbstractAutowireCapableBeanFactory.java:1219) ~[spring-beans-7.0.8.jar:7.0.8]
	at org.springframework.beans.factory.support.AbstractAutowireCapableBeanFactory.doCreateBean(AbstractAutowireCapableBeanFactory.java:565) ~[spring-beans-7.0.8.jar:7.0.8]
	at org.springframework.beans.factory.support.AbstractAutowireCapableBeanFactory.createBean(AbstractAutowireCapableBeanFactory.java:525) ~[spring-beans-7.0.8.jar:7.0.8]
	at org.springframework.beans.factory.support.AbstractBeanFactory.lambda$doGetBean$0(AbstractBeanFactory.java:333) ~[spring-beans-7.0.8.jar:7.0.8]
	at org.springframework.beans.factory.support.DefaultSingletonBeanRegistry.getSingleton(DefaultSingletonBeanRegistry.java:371) ~[spring-beans-7.0.8.jar:7.0.8]
	at org.springframework.beans.factory.support.AbstractBeanFactory.doGetBean(AbstractBeanFactory.java:331) ~[spring-beans-7.0.8.jar:7.0.8]
	at org.springframework.beans.factory.support.AbstractBeanFactory.getBean(AbstractBeanFactory.java:196) ~[spring-beans-7.0.8.jar:7.0.8]
	at org.springframework.beans.factory.support.DefaultListableBeanFactory.instantiateSingleton(DefaultListableBeanFactory.java:1225) ~[spring-beans-7.0.8.jar:7.0.8]
	at org.springframework.beans.factory.support.DefaultListableBeanFactory.preInstantiateSingleton(DefaultListableBeanFactory.java:1191) ~[spring-beans-7.0.8.jar:7.0.8]
	at org.springframework.beans.factory.support.DefaultListableBeanFactory.preInstantiateSingletons(DefaultListableBeanFactory.java:1121) ~[spring-beans-7.0.8.jar:7.0.8]
	at org.springframework.context.support.AbstractApplicationContext.finishBeanFactoryInitialization(AbstractApplicationContext.java:994) ~[spring-context-7.0.8.jar:7.0.8]
	at org.springframework.context.support.AbstractApplicationContext.refresh(AbstractApplicationContext.java:621) ~[spring-context-7.0.8.jar:7.0.8]
	at org.springframework.boot.SpringApplication.refresh(SpringApplication.java:756) ~[spring-boot-4.1.0.jar:4.1.0]
	at org.springframework.boot.SpringApplication.refreshContext(SpringApplication.java:445) ~[spring-boot-4.1.0.jar:4.1.0]
	at org.springframework.boot.SpringApplication.run(SpringApplication.java:321) ~[spring-boot-4.1.0.jar:4.1.0]
	at org.springframework.boot.test.context.SpringBootContextLoader.lambda$loadContext$2(SpringBootContextLoader.java:155) ~[spring-boot-test-4.1.0.jar:4.1.0]
	at org.springframework.util.function.ThrowingSupplier.get(ThrowingSupplier.java:58) ~[spring-core-7.0.8.jar:7.0.8]
	at org.springframework.util.function.ThrowingSupplier.get(ThrowingSupplier.java:46) ~[spring-core-7.0.8.jar:7.0.8]
	at org.springframework.boot.SpringApplication.withHook(SpringApplication.java:1465) ~[spring-boot-4.1.0.jar:4.1.0]
	at org.springframework.boot.test.context.SpringBootContextLoader$ContextLoaderHook.run(SpringBootContextLoader.java:600) ~[spring-boot-test-4.1.0.jar:4.1.0]
	at org.springframework.boot.test.context.SpringBootContextLoader.loadContext(SpringBootContextLoader.java:155) ~[spring-boot-test-4.1.0.jar:4.1.0]
	at org.springframework.boot.test.context.SpringBootContextLoader.loadContext(SpringBootContextLoader.java:114) ~[spring-boot-test-4.1.0.jar:4.1.0]
	at org.springframework.test.context.cache.DefaultCacheAwareContextLoaderDelegate.loadContextInternal(DefaultCacheAwareContextLoaderDelegate.java:247) ~[spring-test-7.0.8.jar:7.0.8]
	at org.springframework.test.context.cache.DefaultCacheAwareContextLoaderDelegate.lambda$loadContext$0(DefaultCacheAwareContextLoaderDelegate.java:167) ~[spring-test-7.0.8.jar:7.0.8]
	... 86 common frames omitted
Caused by: org.springframework.beans.factory.NoSuchBeanDefinitionException: No qualifying bean of type 'com.webservice.springboot.helloRepository' available: expected at least 1 bean which qualifies as autowire candidate. Dependency annotations: {}
	at org.springframework.beans.factory.support.DefaultListableBeanFactory.raiseNoMatchingBeanFound(DefaultListableBeanFactory.java:2304) ~[spring-beans-7.0.8.jar:7.0.8]
	at org.springframework.beans.factory.support.DefaultListableBeanFactory.doResolveDependency(DefaultListableBeanFactory.java:1732) ~[spring-beans-7.0.8.jar:7.0.8]
	at org.springframework.beans.factory.support.DefaultListableBeanFactory.resolveDependency(DefaultListableBeanFactory.java:1658) ~[spring-beans-7.0.8.jar:7.0.8]
	at org.springframework.beans.factory.support.ConstructorResolver.resolveAutowiredArgument(ConstructorResolver.java:912) ~[spring-beans-7.0.8.jar:7.0.8]
	at org.springframework.beans.factory.support.ConstructorResolver.createArgumentArray(ConstructorResolver.java:791) ~[spring-beans-7.0.8.jar:7.0.8]
	... 112 common frames omitted

2026-06-23T19:47:22.626+07:00  INFO 8716 --- [springboot] [main] t.c.s.AnnotationConfigContextLoaderUtils : Could not detect default configuration classes for test class [com.webservice.springboot.SpringbootApplicationTests]: SpringbootApplicationTests does not declare any static, non-private, non-final, nested classes annotated with @Configuration.
2026-06-23T19:47:22.642+07:00  INFO 8716 --- [springboot] [main] .b.t.c.SpringBootTestContextBootstrapper : Found @SpringBootConfiguration com.webservice.springboot.SpringbootApplication for test class com.webservice.springboot.SpringbootApplicationTests
2026-06-23T19:47:22.654+07:00  INFO 8716 --- [springboot] [main] t.c.s.AnnotationConfigContextLoaderUtils : Could not detect default configuration classes for test class [com.webservice.springboot.SpringbootApplicationTests]: SpringbootApplicationTests does not declare any static, non-private, non-final, nested classes annotated with @Configuration.
2026-06-23T19:47:22.657+07:00  INFO 8716 --- [springboot] [main] .b.t.c.SpringBootTestContextBootstrapper : Found @SpringBootConfiguration com.webservice.springboot.SpringbootApplication for test class com.webservice.springboot.SpringbootApplicationTests
2026-06-23T19:47:22.707+07:00  INFO 8716 --- [springboot] [main] c.w.s.SpringbootApplicationTests         : Starting SpringbootApplicationTests using Java 25.0.3 with PID 8716 (started by chris in D:\Files\WebService\springboot)
2026-06-23T19:47:22.707+07:00 DEBUG 8716 --- [springboot] [main] c.w.s.SpringbootApplicationTests         : Running with Spring Boot v4.1.0, Spring v7.0.8
2026-06-23T19:47:22.707+07:00  INFO 8716 --- [springboot] [main] c.w.s.SpringbootApplicationTests         : No active profile set, falling back to 1 default profile: "default"
2026-06-23T19:47:23.108+07:00  INFO 8716 --- [springboot] [main] .s.d.r.c.RepositoryConfigurationDelegate : Bootstrapping Spring Data JPA repositories in DEFAULT mode.
2026-06-23T19:47:23.161+07:00  INFO 8716 --- [springboot] [main] .s.d.r.c.RepositoryConfigurationDelegate : Finished Spring Data repository scanning in 41 ms. Found 1 JPA repository interface.
2026-06-23T19:47:23.564+07:00  INFO 8716 --- [springboot] [main] org.hibernate.orm.jpa                    : HHH008540: Processing PersistenceUnitInfo [name: default]
2026-06-23T19:47:23.631+07:00  INFO 8716 --- [springboot] [main] org.hibernate.orm.core                   : HHH000001: Hibernate ORM core version 7.4.1.Final
2026-06-23T19:47:24.253+07:00  INFO 8716 --- [springboot] [main] o.s.o.j.p.SpringPersistenceUnitInfo      : No LoadTimeWeaver setup: ignoring JPA class transformer
2026-06-23T19:47:24.298+07:00  INFO 8716 --- [springboot] [main] com.zaxxer.hikari.HikariDataSource       : HikariPool-1 - Starting...
2026-06-23T19:47:24.524+07:00  INFO 8716 --- [springboot] [main] com.zaxxer.hikari.pool.HikariPool        : HikariPool-1 - Added connection conn0: url=jdbc:h2:mem:testdb user=SA
2026-06-23T19:47:24.527+07:00  INFO 8716 --- [springboot] [main] com.zaxxer.hikari.HikariDataSource       : HikariPool-1 - Start completed.
2026-06-23T19:47:24.605+07:00  INFO 8716 --- [springboot] [main] org.hibernate.orm.connections.pooling    : HHH10001005: Database info:
	Database JDBC URL [jdbc:h2:mem:testdb]
	Database driver: H2 JDBC Driver
	Database dialect: H2Dialect
	Database version: 2.4.240
	Default catalog/schema: TESTDB/PUBLIC
	Autocommit mode: undefined/unknown
	Isolation level: READ_COMMITTED [default READ_COMMITTED]
	JDBC fetch size: 100
	Pool: DataSourceConnectionProvider
	Minimum pool size: undefined/unknown
	Maximum pool size: undefined/unknown
2026-06-23T19:47:25.373+07:00  INFO 8716 --- [springboot] [main] org.hibernate.orm.core                   : HHH000182: No default (no-argument) constructor for class [com.webservice.springboot.hello] (class must be instantiated by Interceptor)
2026-06-23T19:47:25.574+07:00  INFO 8716 --- [springboot] [main] org.hibernate.orm.core                   : HHH000489: No JTA platform available (set 'hibernate.transaction.jta.platform' to enable JTA platform integration)
2026-06-23T19:47:25.640+07:00  INFO 8716 --- [springboot] [main] j.LocalContainerEntityManagerFactoryBean : Initialized JPA EntityManagerFactory for persistence unit 'default'
2026-06-23T19:47:25.743+07:00  INFO 8716 --- [springboot] [main] o.s.d.j.r.query.QueryEnhancerFactories   : Hibernate is in classpath; If applicable, HQL parser will be used.
2026-06-23T19:47:25.943+07:00  WARN 8716 --- [springboot] [main] JpaBaseConfiguration$JpaWebConfiguration : spring.jpa.open-in-view is enabled by default. Therefore, database queries may be performed during view rendering. Explicitly configure spring.jpa.open-in-view to disable this warning
2026-06-23T19:47:26.467+07:00  INFO 8716 --- [springboot] [main] c.w.s.SpringbootApplicationTests         : Started SpringbootApplicationTests in 3.8 seconds (process running for 6.64)
2026-06-23T19:47:26.942+07:00  INFO 8716 --- [springboot] [SpringApplicationShutdownHook] j.LocalContainerEntityManagerFactoryBean : Closing JPA EntityManagerFactory for persistence unit 'default'
2026-06-23T19:47:26.944+07:00  INFO 8716 --- [springboot] [SpringApplicationShutdownHook] com.zaxxer.hikari.HikariDataSource       : HikariPool-1 - Shutdown initiated...
2026-06-23T19:47:26.948+07:00  INFO 8716 --- [springboot] [SpringApplicationShutdownHook] com.zaxxer.hikari.HikariDataSource       : HikariPool-1 - Shutdown completed.
2026-06-23T19:47:50.947+07:00  INFO 8704 --- [springboot] [main] c.w.springboot.helloControllerTest       : Starting helloControllerTest using Java 25.0.3 with PID 8704 (started by chris in D:\Files\WebService\springboot)
2026-06-23T19:47:50.949+07:00 DEBUG 8704 --- [springboot] [main] c.w.springboot.helloControllerTest       : Running with Spring Boot v4.1.0, Spring v7.0.8
2026-06-23T19:47:50.950+07:00  INFO 8704 --- [springboot] [main] c.w.springboot.helloControllerTest       : No active profile set, falling back to 1 default profile: "default"
2026-06-23T19:47:51.703+07:00  WARN 8704 --- [springboot] [main] o.s.w.c.s.GenericWebApplicationContext   : Exception encountered during context initialization - cancelling refresh attempt: org.springframework.beans.factory.UnsatisfiedDependencyException: Error creating bean with name 'helloController' defined in file [D:\Files\WebService\springboot\target\classes\com\webservice\springboot\helloController.class]: Unsatisfied dependency expressed through constructor parameter 0: No qualifying bean of type 'com.webservice.springboot.helloRepository' available: expected at least 1 bean which qualifies as autowire candidate. Dependency annotations: {}
2026-06-23T19:47:51.718+07:00  INFO 8704 --- [springboot] [main] .s.b.a.l.ConditionEvaluationReportLogger : 

Error starting ApplicationContext. To display the condition evaluation report re-run your application with 'debug' enabled.
2026-06-23T19:47:51.745+07:00 ERROR 8704 --- [springboot] [main] o.s.b.d.LoggingFailureAnalysisReporter   : 

***************************
APPLICATION FAILED TO START
***************************

Description:

Parameter 0 of constructor in com.webservice.springboot.helloController required a bean of type 'com.webservice.springboot.helloRepository' that could not be found.


Action:

Consider defining a bean of type 'com.webservice.springboot.helloRepository' in your configuration.

2026-06-23T19:47:51.749+07:00  WARN 8704 --- [springboot] [main] o.s.test.context.TestContextManager      : Caught exception while allowing TestExecutionListener [org.springframework.test.context.support.DependencyInjectionTestExecutionListener] to prepare test instance [com.webservice.springboot.helloControllerTest@7c37f145]

java.lang.IllegalStateException: Failed to load ApplicationContext for [WebMergedContextConfiguration@479111ba testClass = com.webservice.springboot.helloControllerTest, locations = [], classes = [com.webservice.springboot.SpringbootApplication], contextInitializerClasses = [], activeProfiles = [], propertySourceDescriptors = [], propertySourceProperties = ["org.springframework.boot.webmvc.test.autoconfigure.WebMvcTestContextBootstrapper=true"], contextCustomizers = [[ImportsContextCustomizer@57ad1178 key = [org.springframework.boot.data.autoconfigure.web.DataWebAutoConfiguration, org.springframework.boot.autoconfigure.task.TaskExecutionAutoConfiguration, org.springframework.boot.webmvc.autoconfigure.error.ErrorMvcAutoConfiguration, org.springframework.boot.webmvc.autoconfigure.WebMvcAutoConfiguration, org.springframework.boot.http.converter.autoconfigure.HttpMessageConvertersAutoConfiguration, org.springframework.boot.webmvc.test.autoconfigure.MockMvcWebDriverAutoConfiguration, org.springframework.boot.jackson.autoconfigure.JacksonAutoConfiguration, org.springframework.boot.webmvc.test.autoconfigure.MockMvcWebClientAutoConfiguration, org.springframework.boot.autoconfigure.context.MessageSourceAutoConfiguration, org.springframework.boot.servlet.autoconfigure.HttpEncodingAutoConfiguration, org.springframework.boot.webmvc.test.autoconfigure.MockMvcAutoConfiguration]], org.springframework.boot.test.context.PropertyMappingContextCustomizer@2d298995, org.springframework.boot.test.context.filter.ExcludeFilterContextCustomizer@72a85671, org.springframework.boot.test.context.filter.annotation.TypeExcludeFiltersContextCustomizer@eb04c764, org.springframework.boot.test.json.DuplicateJsonObjectContextCustomizerFactory$DuplicateJsonObjectContextCustomizer@89c10b7, org.springframework.boot.test.autoconfigure.OnFailureConditionReportContextCustomizerFactory$OnFailureConditionReportContextCustomizer@55795845, org.springframework.boot.test.autoconfigure.OverrideAutoConfigurationContextCustomizerFactory$DisableAutoConfigurationContextCustomizer@7fd4acee, org.springframework.test.context.support.DynamicPropertiesContextCustomizer@0, org.springframework.boot.webmvc.test.autoconfigure.WebDriverContextCustomizer@2c9399a4, org.springframework.boot.web.server.context.SpringBootTestRandomPortContextCustomizer@53ab0286, org.springframework.boot.test.context.SpringBootTestAnnotation@1d94de4e], resourceBasePath = "src/main/webapp", contextLoader = org.springframework.boot.test.context.SpringBootContextLoader, parent = null]
	at org.springframework.test.context.cache.DefaultCacheAwareContextLoaderDelegate.lambda$loadContext$0(DefaultCacheAwareContextLoaderDelegate.java:195) ~[spring-test-7.0.8.jar:7.0.8]
	at org.springframework.test.context.cache.DefaultContextCache.put(DefaultContextCache.java:214) ~[spring-test-7.0.8.jar:7.0.8]
	at org.springframework.test.context.cache.DefaultCacheAwareContextLoaderDelegate.loadContext(DefaultCacheAwareContextLoaderDelegate.java:160) ~[spring-test-7.0.8.jar:7.0.8]
	at org.springframework.test.context.support.DefaultTestContext.getApplicationContext(DefaultTestContext.java:128) ~[spring-test-7.0.8.jar:7.0.8]
	at org.springframework.test.context.support.DependencyInjectionTestExecutionListener.injectDependencies(DependencyInjectionTestExecutionListener.java:156) ~[spring-test-7.0.8.jar:7.0.8]
	at org.springframework.test.context.support.DependencyInjectionTestExecutionListener.prepareTestInstance(DependencyInjectionTestExecutionListener.java:111) ~[spring-test-7.0.8.jar:7.0.8]
	at org.springframework.test.context.TestContextManager.prepareTestInstance(TestContextManager.java:260) ~[spring-test-7.0.8.jar:7.0.8]
	at org.springframework.test.context.junit.jupiter.SpringExtension.postProcessTestInstance(SpringExtension.java:242) ~[spring-test-7.0.8.jar:7.0.8]
	at org.junit.jupiter.engine.descriptor.ClassBasedTestDescriptor.lambda$invokeTestInstancePostProcessors$1(ClassBasedTestDescriptor.java:423) ~[junit-jupiter-engine-6.0.3.jar:6.0.3]
	at org.junit.jupiter.engine.descriptor.ClassBasedTestDescriptor.executeAndMaskThrowable(ClassBasedTestDescriptor.java:428) ~[junit-jupiter-engine-6.0.3.jar:6.0.3]
	at org.junit.jupiter.engine.descriptor.ClassBasedTestDescriptor.lambda$invokeTestInstancePostProcessors$0(ClassBasedTestDescriptor.java:422) ~[junit-jupiter-engine-6.0.3.jar:6.0.3]
	at java.base/java.util.stream.ForEachOps$ForEachOp$OfRef.accept(ForEachOps.java:186) ~[na:na]
	at java.base/java.util.stream.ReferencePipeline$3$1.accept(ReferencePipeline.java:214) ~[na:na]
	at java.base/java.util.stream.ReferencePipeline$2$1.accept(ReferencePipeline.java:197) ~[na:na]
	at java.base/java.util.stream.ReferencePipeline$3$1.accept(ReferencePipeline.java:214) ~[na:na]
	at java.base/java.util.ArrayList$ArrayListSpliterator.forEachRemaining(ArrayList.java:1716) ~[na:na]
	at java.base/java.util.stream.AbstractPipeline.copyInto(AbstractPipeline.java:570) ~[na:na]
	at java.base/java.util.stream.AbstractPipeline.wrapAndCopyInto(AbstractPipeline.java:560) ~[na:na]
	at java.base/java.util.stream.ForEachOps$ForEachOp.evaluateSequential(ForEachOps.java:153) ~[na:na]
	at java.base/java.util.stream.ForEachOps$ForEachOp$OfRef.evaluateSequential(ForEachOps.java:176) ~[na:na]
	at java.base/java.util.stream.AbstractPipeline.evaluate(AbstractPipeline.java:265) ~[na:na]
	at java.base/java.util.stream.ReferencePipeline.forEach(ReferencePipeline.java:632) ~[na:na]
	at org.junit.jupiter.engine.descriptor.ClassBasedTestDescriptor.invokeTestInstancePostProcessors(ClassBasedTestDescriptor.java:422) ~[junit-jupiter-engine-6.0.3.jar:6.0.3]
	at org.junit.jupiter.engine.descriptor.ClassBasedTestDescriptor.lambda$instantiateAndPostProcessTestInstance$0(ClassBasedTestDescriptor.java:334) ~[junit-jupiter-engine-6.0.3.jar:6.0.3]
	at org.junit.platform.engine.support.hierarchical.ThrowableCollector.execute(ThrowableCollector.java:74) ~[junit-platform-engine-6.0.3.jar:6.0.3]
	at org.junit.jupiter.engine.descriptor.ClassBasedTestDescriptor.instantiateAndPostProcessTestInstance(ClassBasedTestDescriptor.java:333) ~[junit-jupiter-engine-6.0.3.jar:6.0.3]
	at org.junit.jupiter.engine.descriptor.ClassBasedTestDescriptor.lambda$testInstancesProvider$1(ClassBasedTestDescriptor.java:322) ~[junit-jupiter-engine-6.0.3.jar:6.0.3]
	at java.base/java.util.Optional.orElseGet(Optional.java:364) ~[na:na]
	at org.junit.jupiter.engine.descriptor.ClassBasedTestDescriptor.lambda$testInstancesProvider$0(ClassBasedTestDescriptor.java:321) ~[junit-jupiter-engine-6.0.3.jar:6.0.3]
	at org.junit.jupiter.engine.execution.TestInstancesProvider.getTestInstances(TestInstancesProvider.java:27) ~[junit-jupiter-engine-6.0.3.jar:6.0.3]
	at org.junit.jupiter.engine.descriptor.TestMethodTestDescriptor.lambda$prepare$0(TestMethodTestDescriptor.java:127) ~[junit-jupiter-engine-6.0.3.jar:6.0.3]
	at org.junit.platform.engine.support.hierarchical.ThrowableCollector.execute(ThrowableCollector.java:74) ~[junit-platform-engine-6.0.3.jar:6.0.3]
	at org.junit.jupiter.engine.descriptor.TestMethodTestDescriptor.prepare(TestMethodTestDescriptor.java:126) ~[junit-jupiter-engine-6.0.3.jar:6.0.3]
	at org.junit.jupiter.engine.descriptor.TestMethodTestDescriptor.prepare(TestMethodTestDescriptor.java:70) ~[junit-jupiter-engine-6.0.3.jar:6.0.3]
	at org.junit.platform.engine.support.hierarchical.NodeTestTask.lambda$prepare$0(NodeTestTask.java:144) ~[junit-platform-engine-6.0.3.jar:6.0.3]
	at org.junit.platform.engine.support.hierarchical.ThrowableCollector.execute(ThrowableCollector.java:74) ~[junit-platform-engine-6.0.3.jar:6.0.3]
	at org.junit.platform.engine.support.hierarchical.NodeTestTask.prepare(NodeTestTask.java:144) ~[junit-platform-engine-6.0.3.jar:6.0.3]
	at org.junit.platform.engine.support.hierarchical.NodeTestTask.execute(NodeTestTask.java:110) ~[junit-platform-engine-6.0.3.jar:6.0.3]
	at java.base/java.util.ArrayList.forEach(ArrayList.java:1604) ~[na:na]
	at org.junit.platform.engine.support.hierarchical.SameThreadHierarchicalTestExecutorService.invokeAll(SameThreadHierarchicalTestExecutorService.java:42) ~[junit-platform-engine-6.0.3.jar:6.0.3]
	at org.junit.platform.engine.support.hierarchical.NodeTestTask.lambda$executeRecursively$2(NodeTestTask.java:180) ~[junit-platform-engine-6.0.3.jar:6.0.3]
	at org.junit.platform.engine.support.hierarchical.ThrowableCollector.execute(ThrowableCollector.java:74) ~[junit-platform-engine-6.0.3.jar:6.0.3]
	at org.junit.platform.engine.support.hierarchical.NodeTestTask.lambda$executeRecursively$1(NodeTestTask.java:166) ~[junit-platform-engine-6.0.3.jar:6.0.3]
	at org.junit.platform.engine.support.hierarchical.Node.around(Node.java:138) ~[junit-platform-engine-6.0.3.jar:6.0.3]
	at org.junit.platform.engine.support.hierarchical.NodeTestTask.lambda$executeRecursively$0(NodeTestTask.java:164) ~[junit-platform-engine-6.0.3.jar:6.0.3]
	at org.junit.platform.engine.support.hierarchical.ThrowableCollector.execute(ThrowableCollector.java:74) ~[junit-platform-engine-6.0.3.jar:6.0.3]
	at org.junit.platform.engine.support.hierarchical.NodeTestTask.executeRecursively(NodeTestTask.java:163) ~[junit-platform-engine-6.0.3.jar:6.0.3]
	at org.junit.platform.engine.support.hierarchical.NodeTestTask.execute(NodeTestTask.java:116) ~[junit-platform-engine-6.0.3.jar:6.0.3]
	at java.base/java.util.ArrayList.forEach(ArrayList.java:1604) ~[na:na]
	at org.junit.platform.engine.support.hierarchical.SameThreadHierarchicalTestExecutorService.invokeAll(SameThreadHierarchicalTestExecutorService.java:42) ~[junit-platform-engine-6.0.3.jar:6.0.3]
	at org.junit.platform.engine.support.hierarchical.NodeTestTask.lambda$executeRecursively$2(NodeTestTask.java:180) ~[junit-platform-engine-6.0.3.jar:6.0.3]
	at org.junit.platform.engine.support.hierarchical.ThrowableCollector.execute(ThrowableCollector.java:74) ~[junit-platform-engine-6.0.3.jar:6.0.3]
	at org.junit.platform.engine.support.hierarchical.NodeTestTask.lambda$executeRecursively$1(NodeTestTask.java:166) ~[junit-platform-engine-6.0.3.jar:6.0.3]
	at org.junit.platform.engine.support.hierarchical.Node.around(Node.java:138) ~[junit-platform-engine-6.0.3.jar:6.0.3]
	at org.junit.platform.engine.support.hierarchical.NodeTestTask.lambda$executeRecursively$0(NodeTestTask.java:164) ~[junit-platform-engine-6.0.3.jar:6.0.3]
	at org.junit.platform.engine.support.hierarchical.ThrowableCollector.execute(ThrowableCollector.java:74) ~[junit-platform-engine-6.0.3.jar:6.0.3]
	at org.junit.platform.engine.support.hierarchical.NodeTestTask.executeRecursively(NodeTestTask.java:163) ~[junit-platform-engine-6.0.3.jar:6.0.3]
	at org.junit.platform.engine.support.hierarchical.NodeTestTask.execute(NodeTestTask.java:116) ~[junit-platform-engine-6.0.3.jar:6.0.3]
	at org.junit.platform.engine.support.hierarchical.SameThreadHierarchicalTestExecutorService.submit(SameThreadHierarchicalTestExecutorService.java:36) ~[junit-platform-engine-6.0.3.jar:6.0.3]
	at org.junit.platform.engine.support.hierarchical.HierarchicalTestExecutor.execute(HierarchicalTestExecutor.java:52) ~[junit-platform-engine-6.0.3.jar:6.0.3]
	at org.junit.platform.engine.support.hierarchical.HierarchicalTestEngine.execute(HierarchicalTestEngine.java:58) ~[junit-platform-engine-6.0.3.jar:6.0.3]
	at org.junit.platform.launcher.core.EngineExecutionOrchestrator.executeEngine(EngineExecutionOrchestrator.java:246) ~[junit-platform-launcher-6.0.3.jar:6.0.3]
	at org.junit.platform.launcher.core.EngineExecutionOrchestrator.failOrExecuteEngine(EngineExecutionOrchestrator.java:218) ~[junit-platform-launcher-6.0.3.jar:6.0.3]
	at org.junit.platform.launcher.core.EngineExecutionOrchestrator.execute(EngineExecutionOrchestrator.java:179) ~[junit-platform-launcher-6.0.3.jar:6.0.3]
	at org.junit.platform.launcher.core.EngineExecutionOrchestrator.execute(EngineExecutionOrchestrator.java:108) ~[junit-platform-launcher-6.0.3.jar:6.0.3]
	at org.junit.platform.launcher.core.EngineExecutionOrchestrator.lambda$execute$0(EngineExecutionOrchestrator.java:66) ~[junit-platform-launcher-6.0.3.jar:6.0.3]
	at org.junit.platform.launcher.core.EngineExecutionOrchestrator.withInterceptedStreams(EngineExecutionOrchestrator.java:157) ~[junit-platform-launcher-6.0.3.jar:6.0.3]
	at org.junit.platform.launcher.core.EngineExecutionOrchestrator.execute(EngineExecutionOrchestrator.java:65) ~[junit-platform-launcher-6.0.3.jar:6.0.3]
	at org.junit.platform.launcher.core.DefaultLauncher.execute(DefaultLauncher.java:125) ~[junit-platform-launcher-6.0.3.jar:6.0.3]
	at org.junit.platform.launcher.core.DefaultLauncher.execute(DefaultLauncher.java:114) ~[junit-platform-launcher-6.0.3.jar:6.0.3]
	at org.junit.platform.launcher.core.DelegatingLauncher.execute(DelegatingLauncher.java:58) ~[junit-platform-launcher-6.0.3.jar:6.0.3]
	at org.junit.platform.launcher.core.InterceptingLauncher.lambda$execute$2(InterceptingLauncher.java:57) ~[junit-platform-launcher-6.0.3.jar:6.0.3]
	at org.junit.platform.launcher.core.ClasspathAlignmentCheckingLauncherInterceptor.intercept(ClasspathAlignmentCheckingLauncherInterceptor.java:25) ~[junit-platform-launcher-6.0.3.jar:6.0.3]
	at org.junit.platform.launcher.core.InterceptingLauncher.execute(InterceptingLauncher.java:56) ~[junit-platform-launcher-6.0.3.jar:6.0.3]
	at org.junit.platform.launcher.core.DelegatingLauncher.execute(DelegatingLauncher.java:58) ~[junit-platform-launcher-6.0.3.jar:6.0.3]
	at java.base/jdk.internal.reflect.DirectMethodHandleAccessor.invoke(DirectMethodHandleAccessor.java:104) ~[na:na]
	at java.base/java.lang.reflect.Method.invoke(Method.java:565) ~[na:na]
	at org.apache.maven.surefire.api.util.ReflectionUtils.invokeMethodWithArray(ReflectionUtils.java:125) ~[surefire-api-3.5.6.jar:3.5.6]
	at org.apache.maven.surefire.junitplatform.LauncherAdapter.executeWithCancellationToken(LauncherAdapter.java:68) ~[surefire-junit-platform-3.5.6.jar:3.5.6]
	at org.apache.maven.surefire.junitplatform.LauncherAdapter.execute(LauncherAdapter.java:54) ~[surefire-junit-platform-3.5.6.jar:3.5.6]
	at org.apache.maven.surefire.junitplatform.JUnitPlatformProvider.execute(JUnitPlatformProvider.java:203) ~[surefire-junit-platform-3.5.6.jar:3.5.6]
	at org.apache.maven.surefire.junitplatform.JUnitPlatformProvider.invokeAllTests(JUnitPlatformProvider.java:168) ~[surefire-junit-platform-3.5.6.jar:3.5.6]
	at org.apache.maven.surefire.junitplatform.JUnitPlatformProvider.invoke(JUnitPlatformProvider.java:136) ~[surefire-junit-platform-3.5.6.jar:3.5.6]
	at org.apache.maven.surefire.booter.ForkedBooter.runSuitesInProcess(ForkedBooter.java:385) ~[surefire-booter-3.5.6.jar:3.5.6]
	at org.apache.maven.surefire.booter.ForkedBooter.execute(ForkedBooter.java:162) ~[surefire-booter-3.5.6.jar:3.5.6]
	at org.apache.maven.surefire.booter.ForkedBooter.run(ForkedBooter.java:507) ~[surefire-booter-3.5.6.jar:3.5.6]
	at org.apache.maven.surefire.booter.ForkedBooter.main(ForkedBooter.java:495) ~[surefire-booter-3.5.6.jar:3.5.6]
Caused by: org.springframework.beans.factory.UnsatisfiedDependencyException: Error creating bean with name 'helloController' defined in file [D:\Files\WebService\springboot\target\classes\com\webservice\springboot\helloController.class]: Unsatisfied dependency expressed through constructor parameter 0: No qualifying bean of type 'com.webservice.springboot.helloRepository' available: expected at least 1 bean which qualifies as autowire candidate. Dependency annotations: {}
	at org.springframework.beans.factory.support.ConstructorResolver.createArgumentArray(ConstructorResolver.java:804) ~[spring-beans-7.0.8.jar:7.0.8]
	at org.springframework.beans.factory.support.ConstructorResolver.autowireConstructor(ConstructorResolver.java:240) ~[spring-beans-7.0.8.jar:7.0.8]
	at org.springframework.beans.factory.support.AbstractAutowireCapableBeanFactory.autowireConstructor(AbstractAutowireCapableBeanFactory.java:1380) ~[spring-beans-7.0.8.jar:7.0.8]
	at org.springframework.beans.factory.support.AbstractAutowireCapableBeanFactory.createBeanInstance(AbstractAutowireCapableBeanFactory.java:1219) ~[spring-beans-7.0.8.jar:7.0.8]
	at org.springframework.beans.factory.support.AbstractAutowireCapableBeanFactory.doCreateBean(AbstractAutowireCapableBeanFactory.java:565) ~[spring-beans-7.0.8.jar:7.0.8]
	at org.springframework.beans.factory.support.AbstractAutowireCapableBeanFactory.createBean(AbstractAutowireCapableBeanFactory.java:525) ~[spring-beans-7.0.8.jar:7.0.8]
	at org.springframework.beans.factory.support.AbstractBeanFactory.lambda$doGetBean$0(AbstractBeanFactory.java:333) ~[spring-beans-7.0.8.jar:7.0.8]
	at org.springframework.beans.factory.support.DefaultSingletonBeanRegistry.getSingleton(DefaultSingletonBeanRegistry.java:371) ~[spring-beans-7.0.8.jar:7.0.8]
	at org.springframework.beans.factory.support.AbstractBeanFactory.doGetBean(AbstractBeanFactory.java:331) ~[spring-beans-7.0.8.jar:7.0.8]
	at org.springframework.beans.factory.support.AbstractBeanFactory.getBean(AbstractBeanFactory.java:196) ~[spring-beans-7.0.8.jar:7.0.8]
	at org.springframework.beans.factory.support.DefaultListableBeanFactory.instantiateSingleton(DefaultListableBeanFactory.java:1225) ~[spring-beans-7.0.8.jar:7.0.8]
	at org.springframework.beans.factory.support.DefaultListableBeanFactory.preInstantiateSingleton(DefaultListableBeanFactory.java:1191) ~[spring-beans-7.0.8.jar:7.0.8]
	at org.springframework.beans.factory.support.DefaultListableBeanFactory.preInstantiateSingletons(DefaultListableBeanFactory.java:1121) ~[spring-beans-7.0.8.jar:7.0.8]
	at org.springframework.context.support.AbstractApplicationContext.finishBeanFactoryInitialization(AbstractApplicationContext.java:994) ~[spring-context-7.0.8.jar:7.0.8]
	at org.springframework.context.support.AbstractApplicationContext.refresh(AbstractApplicationContext.java:621) ~[spring-context-7.0.8.jar:7.0.8]
	at org.springframework.boot.SpringApplication.refresh(SpringApplication.java:756) ~[spring-boot-4.1.0.jar:4.1.0]
	at org.springframework.boot.SpringApplication.refreshContext(SpringApplication.java:445) ~[spring-boot-4.1.0.jar:4.1.0]
	at org.springframework.boot.SpringApplication.run(SpringApplication.java:321) ~[spring-boot-4.1.0.jar:4.1.0]
	at org.springframework.boot.test.context.SpringBootContextLoader.lambda$loadContext$2(SpringBootContextLoader.java:155) ~[spring-boot-test-4.1.0.jar:4.1.0]
	at org.springframework.util.function.ThrowingSupplier.get(ThrowingSupplier.java:58) ~[spring-core-7.0.8.jar:7.0.8]
	at org.springframework.util.function.ThrowingSupplier.get(ThrowingSupplier.java:46) ~[spring-core-7.0.8.jar:7.0.8]
	at org.springframework.boot.SpringApplication.withHook(SpringApplication.java:1465) ~[spring-boot-4.1.0.jar:4.1.0]
	at org.springframework.boot.test.context.SpringBootContextLoader$ContextLoaderHook.run(SpringBootContextLoader.java:600) ~[spring-boot-test-4.1.0.jar:4.1.0]
	at org.springframework.boot.test.context.SpringBootContextLoader.loadContext(SpringBootContextLoader.java:155) ~[spring-boot-test-4.1.0.jar:4.1.0]
	at org.springframework.boot.test.context.SpringBootContextLoader.loadContext(SpringBootContextLoader.java:114) ~[spring-boot-test-4.1.0.jar:4.1.0]
	at org.springframework.test.context.cache.DefaultCacheAwareContextLoaderDelegate.loadContextInternal(DefaultCacheAwareContextLoaderDelegate.java:247) ~[spring-test-7.0.8.jar:7.0.8]
	at org.springframework.test.context.cache.DefaultCacheAwareContextLoaderDelegate.lambda$loadContext$0(DefaultCacheAwareContextLoaderDelegate.java:167) ~[spring-test-7.0.8.jar:7.0.8]
	... 86 common frames omitted
Caused by: org.springframework.beans.factory.NoSuchBeanDefinitionException: No qualifying bean of type 'com.webservice.springboot.helloRepository' available: expected at least 1 bean which qualifies as autowire candidate. Dependency annotations: {}
	at org.springframework.beans.factory.support.DefaultListableBeanFactory.raiseNoMatchingBeanFound(DefaultListableBeanFactory.java:2304) ~[spring-beans-7.0.8.jar:7.0.8]
	at org.springframework.beans.factory.support.DefaultListableBeanFactory.doResolveDependency(DefaultListableBeanFactory.java:1732) ~[spring-beans-7.0.8.jar:7.0.8]
	at org.springframework.beans.factory.support.DefaultListableBeanFactory.resolveDependency(DefaultListableBeanFactory.java:1658) ~[spring-beans-7.0.8.jar:7.0.8]
	at org.springframework.beans.factory.support.ConstructorResolver.resolveAutowiredArgument(ConstructorResolver.java:912) ~[spring-beans-7.0.8.jar:7.0.8]
	at org.springframework.beans.factory.support.ConstructorResolver.createArgumentArray(ConstructorResolver.java:791) ~[spring-beans-7.0.8.jar:7.0.8]
	... 112 common frames omitted

2026-06-23T19:47:51.817+07:00  INFO 8704 --- [springboot] [main] t.c.s.AnnotationConfigContextLoaderUtils : Could not detect default configuration classes for test class [com.webservice.springboot.SpringbootApplicationTests]: SpringbootApplicationTests does not declare any static, non-private, non-final, nested classes annotated with @Configuration.
2026-06-23T19:47:51.820+07:00  INFO 8704 --- [springboot] [main] .b.t.c.SpringBootTestContextBootstrapper : Found @SpringBootConfiguration com.webservice.springboot.SpringbootApplication for test class com.webservice.springboot.SpringbootApplicationTests
2026-06-23T19:47:51.825+07:00  INFO 8704 --- [springboot] [main] t.c.s.AnnotationConfigContextLoaderUtils : Could not detect default configuration classes for test class [com.webservice.springboot.SpringbootApplicationTests]: SpringbootApplicationTests does not declare any static, non-private, non-final, nested classes annotated with @Configuration.
2026-06-23T19:47:51.830+07:00  INFO 8704 --- [springboot] [main] .b.t.c.SpringBootTestContextBootstrapper : Found @SpringBootConfiguration com.webservice.springboot.SpringbootApplication for test class com.webservice.springboot.SpringbootApplicationTests
2026-06-23T19:47:51.923+07:00  INFO 8704 --- [springboot] [main] c.w.s.SpringbootApplicationTests         : Starting SpringbootApplicationTests using Java 25.0.3 with PID 8704 (started by chris in D:\Files\WebService\springboot)
2026-06-23T19:47:51.923+07:00 DEBUG 8704 --- [springboot] [main] c.w.s.SpringbootApplicationTests         : Running with Spring Boot v4.1.0, Spring v7.0.8
2026-06-23T19:47:51.923+07:00  INFO 8704 --- [springboot] [main] c.w.s.SpringbootApplicationTests         : No active profile set, falling back to 1 default profile: "default"
2026-06-23T19:47:52.331+07:00  INFO 8704 --- [springboot] [main] .s.d.r.c.RepositoryConfigurationDelegate : Bootstrapping Spring Data JPA repositories in DEFAULT mode.
2026-06-23T19:47:52.383+07:00  INFO 8704 --- [springboot] [main] .s.d.r.c.RepositoryConfigurationDelegate : Finished Spring Data repository scanning in 39 ms. Found 1 JPA repository interface.
2026-06-23T19:47:52.782+07:00  INFO 8704 --- [springboot] [main] org.hibernate.orm.jpa                    : HHH008540: Processing PersistenceUnitInfo [name: default]
2026-06-23T19:47:52.847+07:00  INFO 8704 --- [springboot] [main] org.hibernate.orm.core                   : HHH000001: Hibernate ORM core version 7.4.1.Final
2026-06-23T19:47:53.505+07:00  INFO 8704 --- [springboot] [main] o.s.o.j.p.SpringPersistenceUnitInfo      : No LoadTimeWeaver setup: ignoring JPA class transformer
2026-06-23T19:47:53.554+07:00  INFO 8704 --- [springboot] [main] com.zaxxer.hikari.HikariDataSource       : HikariPool-1 - Starting...
2026-06-23T19:47:53.800+07:00  INFO 8704 --- [springboot] [main] com.zaxxer.hikari.pool.HikariPool        : HikariPool-1 - Added connection conn0: url=jdbc:h2:mem:testdb user=SA
2026-06-23T19:47:53.802+07:00  INFO 8704 --- [springboot] [main] com.zaxxer.hikari.HikariDataSource       : HikariPool-1 - Start completed.
2026-06-23T19:47:53.892+07:00  INFO 8704 --- [springboot] [main] org.hibernate.orm.connections.pooling    : HHH10001005: Database info:
	Database JDBC URL [jdbc:h2:mem:testdb]
	Database driver: H2 JDBC Driver
	Database dialect: H2Dialect
	Database version: 2.4.240
	Default catalog/schema: TESTDB/PUBLIC
	Autocommit mode: undefined/unknown
	Isolation level: READ_COMMITTED [default READ_COMMITTED]
	JDBC fetch size: 100
	Pool: DataSourceConnectionProvider
	Minimum pool size: undefined/unknown
	Maximum pool size: undefined/unknown
2026-06-23T19:47:54.780+07:00  INFO 8704 --- [springboot] [main] org.hibernate.orm.core                   : HHH000182: No default (no-argument) constructor for class [com.webservice.springboot.hello] (class must be instantiated by Interceptor)
2026-06-23T19:47:55.068+07:00  INFO 8704 --- [springboot] [main] org.hibernate.orm.core                   : HHH000489: No JTA platform available (set 'hibernate.transaction.jta.platform' to enable JTA platform integration)
2026-06-23T19:47:55.144+07:00  INFO 8704 --- [springboot] [main] j.LocalContainerEntityManagerFactoryBean : Initialized JPA EntityManagerFactory for persistence unit 'default'
2026-06-23T19:47:55.252+07:00  INFO 8704 --- [springboot] [main] o.s.d.j.r.query.QueryEnhancerFactories   : Hibernate is in classpath; If applicable, HQL parser will be used.
2026-06-23T19:47:55.486+07:00  WARN 8704 --- [springboot] [main] JpaBaseConfiguration$JpaWebConfiguration : spring.jpa.open-in-view is enabled by default. Therefore, database queries may be performed during view rendering. Explicitly configure spring.jpa.open-in-view to disable this warning
2026-06-23T19:47:56.073+07:00  INFO 8704 --- [springboot] [main] c.w.s.SpringbootApplicationTests         : Started SpringbootApplicationTests in 4.235 seconds (process running for 7.009)
2026-06-23T19:47:56.558+07:00  INFO 8704 --- [springboot] [SpringApplicationShutdownHook] j.LocalContainerEntityManagerFactoryBean : Closing JPA EntityManagerFactory for persistence unit 'default'
2026-06-23T19:47:56.562+07:00  INFO 8704 --- [springboot] [SpringApplicationShutdownHook] com.zaxxer.hikari.HikariDataSource       : HikariPool-1 - Shutdown initiated...
2026-06-23T19:47:56.567+07:00  INFO 8704 --- [springboot] [SpringApplicationShutdownHook] com.zaxxer.hikari.HikariDataSource       : HikariPool-1 - Shutdown completed.
2026-06-23T19:53:13.589+07:00  INFO 8936 --- [springboot] [main] c.w.springboot.SpringbootApplication     : Starting SpringbootApplication using Java 25.0.3 with PID 8936 (D:\Files\WebService\springboot\target\classes started by chris in D:\Files\WebService\springboot)
2026-06-23T19:53:13.592+07:00 DEBUG 8936 --- [springboot] [main] c.w.springboot.SpringbootApplication     : Running with Spring Boot v4.1.0, Spring v7.0.8
2026-06-23T19:53:13.593+07:00  INFO 8936 --- [springboot] [main] c.w.springboot.SpringbootApplication     : No active profile set, falling back to 1 default profile: "default"
2026-06-23T19:53:14.203+07:00  INFO 8936 --- [springboot] [main] .s.d.r.c.RepositoryConfigurationDelegate : Bootstrapping Spring Data JPA repositories in DEFAULT mode.
2026-06-23T19:53:14.255+07:00  INFO 8936 --- [springboot] [main] .s.d.r.c.RepositoryConfigurationDelegate : Finished Spring Data repository scanning in 41 ms. Found 1 JPA repository interface.
2026-06-23T19:53:14.708+07:00  INFO 8936 --- [springboot] [main] o.s.boot.tomcat.TomcatWebServer          : Tomcat initialized with port 8081 (http)
2026-06-23T19:53:14.724+07:00  INFO 8936 --- [springboot] [main] o.apache.catalina.core.StandardService   : Starting service [Tomcat]
2026-06-23T19:53:14.724+07:00  INFO 8936 --- [springboot] [main] o.apache.catalina.core.StandardEngine    : Starting Servlet engine: [Apache Tomcat/11.0.22]
2026-06-23T19:53:14.798+07:00  INFO 8936 --- [springboot] [main] b.w.c.s.WebApplicationContextInitializer : Root WebApplicationContext: initialization completed in 1152 ms
2026-06-23T19:53:14.976+07:00  INFO 8936 --- [springboot] [main] org.hibernate.orm.jpa                    : HHH008540: Processing PersistenceUnitInfo [name: default]
2026-06-23T19:53:15.032+07:00  INFO 8936 --- [springboot] [main] org.hibernate.orm.core                   : HHH000001: Hibernate ORM core version 7.4.1.Final
2026-06-23T19:53:15.454+07:00  INFO 8936 --- [springboot] [main] o.s.o.j.p.SpringPersistenceUnitInfo      : No LoadTimeWeaver setup: ignoring JPA class transformer
2026-06-23T19:53:15.488+07:00  INFO 8936 --- [springboot] [main] com.zaxxer.hikari.HikariDataSource       : HikariPool-1 - Starting...
2026-06-23T19:53:15.653+07:00  INFO 8936 --- [springboot] [main] com.zaxxer.hikari.pool.HikariPool        : HikariPool-1 - Added connection conn0: url=jdbc:h2:mem:testdb user=SA
2026-06-23T19:53:15.655+07:00  INFO 8936 --- [springboot] [main] com.zaxxer.hikari.HikariDataSource       : HikariPool-1 - Start completed.
2026-06-23T19:53:15.721+07:00  INFO 8936 --- [springboot] [main] org.hibernate.orm.connections.pooling    : HHH10001005: Database info:
	Database JDBC URL [jdbc:h2:mem:testdb]
	Database driver: H2 JDBC Driver
	Database dialect: H2Dialect
	Database version: 2.4.240
	Default catalog/schema: TESTDB/PUBLIC
	Autocommit mode: undefined/unknown
	Isolation level: READ_COMMITTED [default READ_COMMITTED]
	JDBC fetch size: 100
	Pool: DataSourceConnectionProvider
	Minimum pool size: undefined/unknown
	Maximum pool size: undefined/unknown
2026-06-23T19:53:16.338+07:00  INFO 8936 --- [springboot] [main] org.hibernate.orm.core                   : HHH000182: No default (no-argument) constructor for class [com.webservice.springboot.hello] (class must be instantiated by Interceptor)
2026-06-23T19:53:16.521+07:00  INFO 8936 --- [springboot] [main] org.hibernate.orm.core                   : HHH000489: No JTA platform available (set 'hibernate.transaction.jta.platform' to enable JTA platform integration)
2026-06-23T19:53:16.593+07:00  INFO 8936 --- [springboot] [main] j.LocalContainerEntityManagerFactoryBean : Initialized JPA EntityManagerFactory for persistence unit 'default'
2026-06-23T19:53:16.675+07:00  INFO 8936 --- [springboot] [main] o.s.d.j.r.query.QueryEnhancerFactories   : Hibernate is in classpath; If applicable, HQL parser will be used.
2026-06-23T19:53:16.794+07:00  WARN 8936 --- [springboot] [main] JpaBaseConfiguration$JpaWebConfiguration : spring.jpa.open-in-view is enabled by default. Therefore, database queries may be performed during view rendering. Explicitly configure spring.jpa.open-in-view to disable this warning
2026-06-23T19:53:17.132+07:00  INFO 8936 --- [springboot] [main] o.s.boot.tomcat.TomcatWebServer          : Tomcat started on port 8081 (http) with context path '/'
2026-06-23T19:53:17.138+07:00  INFO 8936 --- [springboot] [main] c.w.springboot.SpringbootApplication     : Started SpringbootApplication in 4.011 seconds (process running for 4.468)
2026-06-23T19:53:38.502+07:00  INFO 9688 --- [springboot] [main] c.w.springboot.helloControllerTest       : Starting helloControllerTest using Java 25.0.3 with PID 9688 (started by chris in D:\Files\WebService\springboot)
2026-06-23T19:53:38.504+07:00 DEBUG 9688 --- [springboot] [main] c.w.springboot.helloControllerTest       : Running with Spring Boot v4.1.0, Spring v7.0.8
2026-06-23T19:53:38.506+07:00  INFO 9688 --- [springboot] [main] c.w.springboot.helloControllerTest       : No active profile set, falling back to 1 default profile: "default"
2026-06-23T19:53:39.382+07:00  WARN 9688 --- [springboot] [main] o.s.w.c.s.GenericWebApplicationContext   : Exception encountered during context initialization - cancelling refresh attempt: org.springframework.beans.factory.UnsatisfiedDependencyException: Error creating bean with name 'helloController' defined in file [D:\Files\WebService\springboot\target\classes\com\webservice\springboot\helloController.class]: Unsatisfied dependency expressed through constructor parameter 0: No qualifying bean of type 'com.webservice.springboot.helloRepository' available: expected at least 1 bean which qualifies as autowire candidate. Dependency annotations: {}
2026-06-23T19:53:39.397+07:00  INFO 9688 --- [springboot] [main] .s.b.a.l.ConditionEvaluationReportLogger : 

Error starting ApplicationContext. To display the condition evaluation report re-run your application with 'debug' enabled.
2026-06-23T19:53:39.432+07:00 ERROR 9688 --- [springboot] [main] o.s.b.d.LoggingFailureAnalysisReporter   : 

***************************
APPLICATION FAILED TO START
***************************

Description:

Parameter 0 of constructor in com.webservice.springboot.helloController required a bean of type 'com.webservice.springboot.helloRepository' that could not be found.


Action:

Consider defining a bean of type 'com.webservice.springboot.helloRepository' in your configuration.

2026-06-23T19:53:39.442+07:00  WARN 9688 --- [springboot] [main] o.s.test.context.TestContextManager      : Caught exception while allowing TestExecutionListener [org.springframework.test.context.support.DependencyInjectionTestExecutionListener] to prepare test instance [com.webservice.springboot.helloControllerTest@68699afc]

java.lang.IllegalStateException: Failed to load ApplicationContext for [WebMergedContextConfiguration@57ad1178 testClass = com.webservice.springboot.helloControllerTest, locations = [], classes = [com.webservice.springboot.SpringbootApplication], contextInitializerClasses = [], activeProfiles = [], propertySourceDescriptors = [], propertySourceProperties = ["org.springframework.boot.webmvc.test.autoconfigure.WebMvcTestContextBootstrapper=true"], contextCustomizers = [[ImportsContextCustomizer@7c37f145 key = [org.springframework.boot.data.autoconfigure.web.DataWebAutoConfiguration, org.springframework.boot.autoconfigure.task.TaskExecutionAutoConfiguration, org.springframework.boot.webmvc.autoconfigure.error.ErrorMvcAutoConfiguration, org.springframework.boot.webmvc.autoconfigure.WebMvcAutoConfiguration, org.springframework.boot.http.converter.autoconfigure.HttpMessageConvertersAutoConfiguration, org.springframework.boot.webmvc.test.autoconfigure.MockMvcWebDriverAutoConfiguration, org.springframework.boot.jackson.autoconfigure.JacksonAutoConfiguration, org.springframework.boot.webmvc.test.autoconfigure.MockMvcWebClientAutoConfiguration, org.springframework.boot.autoconfigure.context.MessageSourceAutoConfiguration, org.springframework.boot.servlet.autoconfigure.HttpEncodingAutoConfiguration, org.springframework.boot.webmvc.test.autoconfigure.MockMvcAutoConfiguration]], org.springframework.boot.test.context.PropertyMappingContextCustomizer@2d298995, org.springframework.boot.test.context.filter.ExcludeFilterContextCustomizer@4ae33a11, org.springframework.boot.test.context.filter.annotation.TypeExcludeFiltersContextCustomizer@e3dcedea, org.springframework.boot.test.json.DuplicateJsonObjectContextCustomizerFactory$DuplicateJsonObjectContextCustomizer@55795845, org.springframework.boot.test.autoconfigure.OnFailureConditionReportContextCustomizerFactory$OnFailureConditionReportContextCustomizer@1a1da881, org.springframework.boot.test.autoconfigure.OverrideAutoConfigurationContextCustomizerFactory$DisableAutoConfigurationContextCustomizer@2f058b8a, org.springframework.test.context.support.DynamicPropertiesContextCustomizer@0, org.springframework.boot.webmvc.test.autoconfigure.WebDriverContextCustomizer@53ab0286, org.springframework.boot.web.server.context.SpringBootTestRandomPortContextCustomizer@1c98290c, org.springframework.boot.test.context.SpringBootTestAnnotation@2fbd18b8], resourceBasePath = "src/main/webapp", contextLoader = org.springframework.boot.test.context.SpringBootContextLoader, parent = null]
	at org.springframework.test.context.cache.DefaultCacheAwareContextLoaderDelegate.lambda$loadContext$0(DefaultCacheAwareContextLoaderDelegate.java:195) ~[spring-test-7.0.8.jar:7.0.8]
	at org.springframework.test.context.cache.DefaultContextCache.put(DefaultContextCache.java:214) ~[spring-test-7.0.8.jar:7.0.8]
	at org.springframework.test.context.cache.DefaultCacheAwareContextLoaderDelegate.loadContext(DefaultCacheAwareContextLoaderDelegate.java:160) ~[spring-test-7.0.8.jar:7.0.8]
	at org.springframework.test.context.support.DefaultTestContext.getApplicationContext(DefaultTestContext.java:128) ~[spring-test-7.0.8.jar:7.0.8]
	at org.springframework.test.context.support.DependencyInjectionTestExecutionListener.injectDependencies(DependencyInjectionTestExecutionListener.java:156) ~[spring-test-7.0.8.jar:7.0.8]
	at org.springframework.test.context.support.DependencyInjectionTestExecutionListener.prepareTestInstance(DependencyInjectionTestExecutionListener.java:111) ~[spring-test-7.0.8.jar:7.0.8]
	at org.springframework.test.context.TestContextManager.prepareTestInstance(TestContextManager.java:260) ~[spring-test-7.0.8.jar:7.0.8]
	at org.springframework.test.context.junit.jupiter.SpringExtension.postProcessTestInstance(SpringExtension.java:242) ~[spring-test-7.0.8.jar:7.0.8]
	at org.junit.jupiter.engine.descriptor.ClassBasedTestDescriptor.lambda$invokeTestInstancePostProcessors$1(ClassBasedTestDescriptor.java:423) ~[junit-jupiter-engine-6.0.3.jar:6.0.3]
	at org.junit.jupiter.engine.descriptor.ClassBasedTestDescriptor.executeAndMaskThrowable(ClassBasedTestDescriptor.java:428) ~[junit-jupiter-engine-6.0.3.jar:6.0.3]
	at org.junit.jupiter.engine.descriptor.ClassBasedTestDescriptor.lambda$invokeTestInstancePostProcessors$0(ClassBasedTestDescriptor.java:422) ~[junit-jupiter-engine-6.0.3.jar:6.0.3]
	at java.base/java.util.stream.ForEachOps$ForEachOp$OfRef.accept(ForEachOps.java:186) ~[na:na]
	at java.base/java.util.stream.ReferencePipeline$3$1.accept(ReferencePipeline.java:214) ~[na:na]
	at java.base/java.util.stream.ReferencePipeline$2$1.accept(ReferencePipeline.java:197) ~[na:na]
	at java.base/java.util.stream.ReferencePipeline$3$1.accept(ReferencePipeline.java:214) ~[na:na]
	at java.base/java.util.ArrayList$ArrayListSpliterator.forEachRemaining(ArrayList.java:1716) ~[na:na]
	at java.base/java.util.stream.AbstractPipeline.copyInto(AbstractPipeline.java:570) ~[na:na]
	at java.base/java.util.stream.AbstractPipeline.wrapAndCopyInto(AbstractPipeline.java:560) ~[na:na]
	at java.base/java.util.stream.ForEachOps$ForEachOp.evaluateSequential(ForEachOps.java:153) ~[na:na]
	at java.base/java.util.stream.ForEachOps$ForEachOp$OfRef.evaluateSequential(ForEachOps.java:176) ~[na:na]
	at java.base/java.util.stream.AbstractPipeline.evaluate(AbstractPipeline.java:265) ~[na:na]
	at java.base/java.util.stream.ReferencePipeline.forEach(ReferencePipeline.java:632) ~[na:na]
	at org.junit.jupiter.engine.descriptor.ClassBasedTestDescriptor.invokeTestInstancePostProcessors(ClassBasedTestDescriptor.java:422) ~[junit-jupiter-engine-6.0.3.jar:6.0.3]
	at org.junit.jupiter.engine.descriptor.ClassBasedTestDescriptor.lambda$instantiateAndPostProcessTestInstance$0(ClassBasedTestDescriptor.java:334) ~[junit-jupiter-engine-6.0.3.jar:6.0.3]
	at org.junit.platform.engine.support.hierarchical.ThrowableCollector.execute(ThrowableCollector.java:74) ~[junit-platform-engine-6.0.3.jar:6.0.3]
	at org.junit.jupiter.engine.descriptor.ClassBasedTestDescriptor.instantiateAndPostProcessTestInstance(ClassBasedTestDescriptor.java:333) ~[junit-jupiter-engine-6.0.3.jar:6.0.3]
	at org.junit.jupiter.engine.descriptor.ClassBasedTestDescriptor.lambda$testInstancesProvider$1(ClassBasedTestDescriptor.java:322) ~[junit-jupiter-engine-6.0.3.jar:6.0.3]
	at java.base/java.util.Optional.orElseGet(Optional.java:364) ~[na:na]
	at org.junit.jupiter.engine.descriptor.ClassBasedTestDescriptor.lambda$testInstancesProvider$0(ClassBasedTestDescriptor.java:321) ~[junit-jupiter-engine-6.0.3.jar:6.0.3]
	at org.junit.jupiter.engine.execution.TestInstancesProvider.getTestInstances(TestInstancesProvider.java:27) ~[junit-jupiter-engine-6.0.3.jar:6.0.3]
	at org.junit.jupiter.engine.descriptor.TestMethodTestDescriptor.lambda$prepare$0(TestMethodTestDescriptor.java:127) ~[junit-jupiter-engine-6.0.3.jar:6.0.3]
	at org.junit.platform.engine.support.hierarchical.ThrowableCollector.execute(ThrowableCollector.java:74) ~[junit-platform-engine-6.0.3.jar:6.0.3]
	at org.junit.jupiter.engine.descriptor.TestMethodTestDescriptor.prepare(TestMethodTestDescriptor.java:126) ~[junit-jupiter-engine-6.0.3.jar:6.0.3]
	at org.junit.jupiter.engine.descriptor.TestMethodTestDescriptor.prepare(TestMethodTestDescriptor.java:70) ~[junit-jupiter-engine-6.0.3.jar:6.0.3]
	at org.junit.platform.engine.support.hierarchical.NodeTestTask.lambda$prepare$0(NodeTestTask.java:144) ~[junit-platform-engine-6.0.3.jar:6.0.3]
	at org.junit.platform.engine.support.hierarchical.ThrowableCollector.execute(ThrowableCollector.java:74) ~[junit-platform-engine-6.0.3.jar:6.0.3]
	at org.junit.platform.engine.support.hierarchical.NodeTestTask.prepare(NodeTestTask.java:144) ~[junit-platform-engine-6.0.3.jar:6.0.3]
	at org.junit.platform.engine.support.hierarchical.NodeTestTask.execute(NodeTestTask.java:110) ~[junit-platform-engine-6.0.3.jar:6.0.3]
	at java.base/java.util.ArrayList.forEach(ArrayList.java:1604) ~[na:na]
	at org.junit.platform.engine.support.hierarchical.SameThreadHierarchicalTestExecutorService.invokeAll(SameThreadHierarchicalTestExecutorService.java:42) ~[junit-platform-engine-6.0.3.jar:6.0.3]
	at org.junit.platform.engine.support.hierarchical.NodeTestTask.lambda$executeRecursively$2(NodeTestTask.java:180) ~[junit-platform-engine-6.0.3.jar:6.0.3]
	at org.junit.platform.engine.support.hierarchical.ThrowableCollector.execute(ThrowableCollector.java:74) ~[junit-platform-engine-6.0.3.jar:6.0.3]
	at org.junit.platform.engine.support.hierarchical.NodeTestTask.lambda$executeRecursively$1(NodeTestTask.java:166) ~[junit-platform-engine-6.0.3.jar:6.0.3]
	at org.junit.platform.engine.support.hierarchical.Node.around(Node.java:138) ~[junit-platform-engine-6.0.3.jar:6.0.3]
	at org.junit.platform.engine.support.hierarchical.NodeTestTask.lambda$executeRecursively$0(NodeTestTask.java:164) ~[junit-platform-engine-6.0.3.jar:6.0.3]
	at org.junit.platform.engine.support.hierarchical.ThrowableCollector.execute(ThrowableCollector.java:74) ~[junit-platform-engine-6.0.3.jar:6.0.3]
	at org.junit.platform.engine.support.hierarchical.NodeTestTask.executeRecursively(NodeTestTask.java:163) ~[junit-platform-engine-6.0.3.jar:6.0.3]
	at org.junit.platform.engine.support.hierarchical.NodeTestTask.execute(NodeTestTask.java:116) ~[junit-platform-engine-6.0.3.jar:6.0.3]
	at java.base/java.util.ArrayList.forEach(ArrayList.java:1604) ~[na:na]
	at org.junit.platform.engine.support.hierarchical.SameThreadHierarchicalTestExecutorService.invokeAll(SameThreadHierarchicalTestExecutorService.java:42) ~[junit-platform-engine-6.0.3.jar:6.0.3]
	at org.junit.platform.engine.support.hierarchical.NodeTestTask.lambda$executeRecursively$2(NodeTestTask.java:180) ~[junit-platform-engine-6.0.3.jar:6.0.3]
	at org.junit.platform.engine.support.hierarchical.ThrowableCollector.execute(ThrowableCollector.java:74) ~[junit-platform-engine-6.0.3.jar:6.0.3]
	at org.junit.platform.engine.support.hierarchical.NodeTestTask.lambda$executeRecursively$1(NodeTestTask.java:166) ~[junit-platform-engine-6.0.3.jar:6.0.3]
	at org.junit.platform.engine.support.hierarchical.Node.around(Node.java:138) ~[junit-platform-engine-6.0.3.jar:6.0.3]
	at org.junit.platform.engine.support.hierarchical.NodeTestTask.lambda$executeRecursively$0(NodeTestTask.java:164) ~[junit-platform-engine-6.0.3.jar:6.0.3]
	at org.junit.platform.engine.support.hierarchical.ThrowableCollector.execute(ThrowableCollector.java:74) ~[junit-platform-engine-6.0.3.jar:6.0.3]
	at org.junit.platform.engine.support.hierarchical.NodeTestTask.executeRecursively(NodeTestTask.java:163) ~[junit-platform-engine-6.0.3.jar:6.0.3]
	at org.junit.platform.engine.support.hierarchical.NodeTestTask.execute(NodeTestTask.java:116) ~[junit-platform-engine-6.0.3.jar:6.0.3]
	at org.junit.platform.engine.support.hierarchical.SameThreadHierarchicalTestExecutorService.submit(SameThreadHierarchicalTestExecutorService.java:36) ~[junit-platform-engine-6.0.3.jar:6.0.3]
	at org.junit.platform.engine.support.hierarchical.HierarchicalTestExecutor.execute(HierarchicalTestExecutor.java:52) ~[junit-platform-engine-6.0.3.jar:6.0.3]
	at org.junit.platform.engine.support.hierarchical.HierarchicalTestEngine.execute(HierarchicalTestEngine.java:58) ~[junit-platform-engine-6.0.3.jar:6.0.3]
	at org.junit.platform.launcher.core.EngineExecutionOrchestrator.executeEngine(EngineExecutionOrchestrator.java:246) ~[junit-platform-launcher-6.0.3.jar:6.0.3]
	at org.junit.platform.launcher.core.EngineExecutionOrchestrator.failOrExecuteEngine(EngineExecutionOrchestrator.java:218) ~[junit-platform-launcher-6.0.3.jar:6.0.3]
	at org.junit.platform.launcher.core.EngineExecutionOrchestrator.execute(EngineExecutionOrchestrator.java:179) ~[junit-platform-launcher-6.0.3.jar:6.0.3]
	at org.junit.platform.launcher.core.EngineExecutionOrchestrator.execute(EngineExecutionOrchestrator.java:108) ~[junit-platform-launcher-6.0.3.jar:6.0.3]
	at org.junit.platform.launcher.core.EngineExecutionOrchestrator.lambda$execute$0(EngineExecutionOrchestrator.java:66) ~[junit-platform-launcher-6.0.3.jar:6.0.3]
	at org.junit.platform.launcher.core.EngineExecutionOrchestrator.withInterceptedStreams(EngineExecutionOrchestrator.java:157) ~[junit-platform-launcher-6.0.3.jar:6.0.3]
	at org.junit.platform.launcher.core.EngineExecutionOrchestrator.execute(EngineExecutionOrchestrator.java:65) ~[junit-platform-launcher-6.0.3.jar:6.0.3]
	at org.junit.platform.launcher.core.DefaultLauncher.execute(DefaultLauncher.java:125) ~[junit-platform-launcher-6.0.3.jar:6.0.3]
	at org.junit.platform.launcher.core.DefaultLauncher.execute(DefaultLauncher.java:114) ~[junit-platform-launcher-6.0.3.jar:6.0.3]
	at org.junit.platform.launcher.core.DelegatingLauncher.execute(DelegatingLauncher.java:58) ~[junit-platform-launcher-6.0.3.jar:6.0.3]
	at org.junit.platform.launcher.core.InterceptingLauncher.lambda$execute$2(InterceptingLauncher.java:57) ~[junit-platform-launcher-6.0.3.jar:6.0.3]
	at org.junit.platform.launcher.core.ClasspathAlignmentCheckingLauncherInterceptor.intercept(ClasspathAlignmentCheckingLauncherInterceptor.java:25) ~[junit-platform-launcher-6.0.3.jar:6.0.3]
	at org.junit.platform.launcher.core.InterceptingLauncher.execute(InterceptingLauncher.java:56) ~[junit-platform-launcher-6.0.3.jar:6.0.3]
	at org.junit.platform.launcher.core.DelegatingLauncher.execute(DelegatingLauncher.java:58) ~[junit-platform-launcher-6.0.3.jar:6.0.3]
	at java.base/jdk.internal.reflect.DirectMethodHandleAccessor.invoke(DirectMethodHandleAccessor.java:104) ~[na:na]
	at java.base/java.lang.reflect.Method.invoke(Method.java:565) ~[na:na]
	at org.apache.maven.surefire.api.util.ReflectionUtils.invokeMethodWithArray(ReflectionUtils.java:125) ~[surefire-api-3.5.6.jar:3.5.6]
	at org.apache.maven.surefire.junitplatform.LauncherAdapter.executeWithCancellationToken(LauncherAdapter.java:68) ~[surefire-junit-platform-3.5.6.jar:3.5.6]
	at org.apache.maven.surefire.junitplatform.LauncherAdapter.execute(LauncherAdapter.java:54) ~[surefire-junit-platform-3.5.6.jar:3.5.6]
	at org.apache.maven.surefire.junitplatform.JUnitPlatformProvider.execute(JUnitPlatformProvider.java:203) ~[surefire-junit-platform-3.5.6.jar:3.5.6]
	at org.apache.maven.surefire.junitplatform.JUnitPlatformProvider.invokeAllTests(JUnitPlatformProvider.java:168) ~[surefire-junit-platform-3.5.6.jar:3.5.6]
	at org.apache.maven.surefire.junitplatform.JUnitPlatformProvider.invoke(JUnitPlatformProvider.java:136) ~[surefire-junit-platform-3.5.6.jar:3.5.6]
	at org.apache.maven.surefire.booter.ForkedBooter.runSuitesInProcess(ForkedBooter.java:385) ~[surefire-booter-3.5.6.jar:3.5.6]
	at org.apache.maven.surefire.booter.ForkedBooter.execute(ForkedBooter.java:162) ~[surefire-booter-3.5.6.jar:3.5.6]
	at org.apache.maven.surefire.booter.ForkedBooter.run(ForkedBooter.java:507) ~[surefire-booter-3.5.6.jar:3.5.6]
	at org.apache.maven.surefire.booter.ForkedBooter.main(ForkedBooter.java:495) ~[surefire-booter-3.5.6.jar:3.5.6]
Caused by: org.springframework.beans.factory.UnsatisfiedDependencyException: Error creating bean with name 'helloController' defined in file [D:\Files\WebService\springboot\target\classes\com\webservice\springboot\helloController.class]: Unsatisfied dependency expressed through constructor parameter 0: No qualifying bean of type 'com.webservice.springboot.helloRepository' available: expected at least 1 bean which qualifies as autowire candidate. Dependency annotations: {}
	at org.springframework.beans.factory.support.ConstructorResolver.createArgumentArray(ConstructorResolver.java:804) ~[spring-beans-7.0.8.jar:7.0.8]
	at org.springframework.beans.factory.support.ConstructorResolver.autowireConstructor(ConstructorResolver.java:240) ~[spring-beans-7.0.8.jar:7.0.8]
	at org.springframework.beans.factory.support.AbstractAutowireCapableBeanFactory.autowireConstructor(AbstractAutowireCapableBeanFactory.java:1380) ~[spring-beans-7.0.8.jar:7.0.8]
	at org.springframework.beans.factory.support.AbstractAutowireCapableBeanFactory.createBeanInstance(AbstractAutowireCapableBeanFactory.java:1219) ~[spring-beans-7.0.8.jar:7.0.8]
	at org.springframework.beans.factory.support.AbstractAutowireCapableBeanFactory.doCreateBean(AbstractAutowireCapableBeanFactory.java:565) ~[spring-beans-7.0.8.jar:7.0.8]
	at org.springframework.beans.factory.support.AbstractAutowireCapableBeanFactory.createBean(AbstractAutowireCapableBeanFactory.java:525) ~[spring-beans-7.0.8.jar:7.0.8]
	at org.springframework.beans.factory.support.AbstractBeanFactory.lambda$doGetBean$0(AbstractBeanFactory.java:333) ~[spring-beans-7.0.8.jar:7.0.8]
	at org.springframework.beans.factory.support.DefaultSingletonBeanRegistry.getSingleton(DefaultSingletonBeanRegistry.java:371) ~[spring-beans-7.0.8.jar:7.0.8]
	at org.springframework.beans.factory.support.AbstractBeanFactory.doGetBean(AbstractBeanFactory.java:331) ~[spring-beans-7.0.8.jar:7.0.8]
	at org.springframework.beans.factory.support.AbstractBeanFactory.getBean(AbstractBeanFactory.java:196) ~[spring-beans-7.0.8.jar:7.0.8]
	at org.springframework.beans.factory.support.DefaultListableBeanFactory.instantiateSingleton(DefaultListableBeanFactory.java:1225) ~[spring-beans-7.0.8.jar:7.0.8]
	at org.springframework.beans.factory.support.DefaultListableBeanFactory.preInstantiateSingleton(DefaultListableBeanFactory.java:1191) ~[spring-beans-7.0.8.jar:7.0.8]
	at org.springframework.beans.factory.support.DefaultListableBeanFactory.preInstantiateSingletons(DefaultListableBeanFactory.java:1121) ~[spring-beans-7.0.8.jar:7.0.8]
	at org.springframework.context.support.AbstractApplicationContext.finishBeanFactoryInitialization(AbstractApplicationContext.java:994) ~[spring-context-7.0.8.jar:7.0.8]
	at org.springframework.context.support.AbstractApplicationContext.refresh(AbstractApplicationContext.java:621) ~[spring-context-7.0.8.jar:7.0.8]
	at org.springframework.boot.SpringApplication.refresh(SpringApplication.java:756) ~[spring-boot-4.1.0.jar:4.1.0]
	at org.springframework.boot.SpringApplication.refreshContext(SpringApplication.java:445) ~[spring-boot-4.1.0.jar:4.1.0]
	at org.springframework.boot.SpringApplication.run(SpringApplication.java:321) ~[spring-boot-4.1.0.jar:4.1.0]
	at org.springframework.boot.test.context.SpringBootContextLoader.lambda$loadContext$2(SpringBootContextLoader.java:155) ~[spring-boot-test-4.1.0.jar:4.1.0]
	at org.springframework.util.function.ThrowingSupplier.get(ThrowingSupplier.java:58) ~[spring-core-7.0.8.jar:7.0.8]
	at org.springframework.util.function.ThrowingSupplier.get(ThrowingSupplier.java:46) ~[spring-core-7.0.8.jar:7.0.8]
	at org.springframework.boot.SpringApplication.withHook(SpringApplication.java:1465) ~[spring-boot-4.1.0.jar:4.1.0]
	at org.springframework.boot.test.context.SpringBootContextLoader$ContextLoaderHook.run(SpringBootContextLoader.java:600) ~[spring-boot-test-4.1.0.jar:4.1.0]
	at org.springframework.boot.test.context.SpringBootContextLoader.loadContext(SpringBootContextLoader.java:155) ~[spring-boot-test-4.1.0.jar:4.1.0]
	at org.springframework.boot.test.context.SpringBootContextLoader.loadContext(SpringBootContextLoader.java:114) ~[spring-boot-test-4.1.0.jar:4.1.0]
	at org.springframework.test.context.cache.DefaultCacheAwareContextLoaderDelegate.loadContextInternal(DefaultCacheAwareContextLoaderDelegate.java:247) ~[spring-test-7.0.8.jar:7.0.8]
	at org.springframework.test.context.cache.DefaultCacheAwareContextLoaderDelegate.lambda$loadContext$0(DefaultCacheAwareContextLoaderDelegate.java:167) ~[spring-test-7.0.8.jar:7.0.8]
	... 86 common frames omitted
Caused by: org.springframework.beans.factory.NoSuchBeanDefinitionException: No qualifying bean of type 'com.webservice.springboot.helloRepository' available: expected at least 1 bean which qualifies as autowire candidate. Dependency annotations: {}
	at org.springframework.beans.factory.support.DefaultListableBeanFactory.raiseNoMatchingBeanFound(DefaultListableBeanFactory.java:2304) ~[spring-beans-7.0.8.jar:7.0.8]
	at org.springframework.beans.factory.support.DefaultListableBeanFactory.doResolveDependency(DefaultListableBeanFactory.java:1732) ~[spring-beans-7.0.8.jar:7.0.8]
	at org.springframework.beans.factory.support.DefaultListableBeanFactory.resolveDependency(DefaultListableBeanFactory.java:1658) ~[spring-beans-7.0.8.jar:7.0.8]
	at org.springframework.beans.factory.support.ConstructorResolver.resolveAutowiredArgument(ConstructorResolver.java:912) ~[spring-beans-7.0.8.jar:7.0.8]
	at org.springframework.beans.factory.support.ConstructorResolver.createArgumentArray(ConstructorResolver.java:791) ~[spring-beans-7.0.8.jar:7.0.8]
	... 112 common frames omitted

2026-06-23T19:53:39.538+07:00  INFO 9688 --- [springboot] [main] t.c.s.AnnotationConfigContextLoaderUtils : Could not detect default configuration classes for test class [com.webservice.springboot.SpringbootApplicationTests]: SpringbootApplicationTests does not declare any static, non-private, non-final, nested classes annotated with @Configuration.
2026-06-23T19:53:39.550+07:00  INFO 9688 --- [springboot] [main] .b.t.c.SpringBootTestContextBootstrapper : Found @SpringBootConfiguration com.webservice.springboot.SpringbootApplication for test class com.webservice.springboot.SpringbootApplicationTests
2026-06-23T19:53:39.563+07:00  INFO 9688 --- [springboot] [main] t.c.s.AnnotationConfigContextLoaderUtils : Could not detect default configuration classes for test class [com.webservice.springboot.SpringbootApplicationTests]: SpringbootApplicationTests does not declare any static, non-private, non-final, nested classes annotated with @Configuration.
2026-06-23T19:53:39.568+07:00  INFO 9688 --- [springboot] [main] .b.t.c.SpringBootTestContextBootstrapper : Found @SpringBootConfiguration com.webservice.springboot.SpringbootApplication for test class com.webservice.springboot.SpringbootApplicationTests
2026-06-23T19:53:39.621+07:00  INFO 9688 --- [springboot] [main] c.w.s.SpringbootApplicationTests         : Starting SpringbootApplicationTests using Java 25.0.3 with PID 9688 (started by chris in D:\Files\WebService\springboot)
2026-06-23T19:53:39.621+07:00 DEBUG 9688 --- [springboot] [main] c.w.s.SpringbootApplicationTests         : Running with Spring Boot v4.1.0, Spring v7.0.8
2026-06-23T19:53:39.621+07:00  INFO 9688 --- [springboot] [main] c.w.s.SpringbootApplicationTests         : No active profile set, falling back to 1 default profile: "default"
2026-06-23T19:53:40.058+07:00  INFO 9688 --- [springboot] [main] .s.d.r.c.RepositoryConfigurationDelegate : Bootstrapping Spring Data JPA repositories in DEFAULT mode.
2026-06-23T19:53:40.108+07:00  INFO 9688 --- [springboot] [main] .s.d.r.c.RepositoryConfigurationDelegate : Finished Spring Data repository scanning in 38 ms. Found 1 JPA repository interface.
2026-06-23T19:53:40.529+07:00  INFO 9688 --- [springboot] [main] org.hibernate.orm.jpa                    : HHH008540: Processing PersistenceUnitInfo [name: default]
2026-06-23T19:53:40.604+07:00  INFO 9688 --- [springboot] [main] org.hibernate.orm.core                   : HHH000001: Hibernate ORM core version 7.4.1.Final
2026-06-23T19:53:41.240+07:00  INFO 9688 --- [springboot] [main] o.s.o.j.p.SpringPersistenceUnitInfo      : No LoadTimeWeaver setup: ignoring JPA class transformer
2026-06-23T19:53:41.297+07:00  INFO 9688 --- [springboot] [main] com.zaxxer.hikari.HikariDataSource       : HikariPool-1 - Starting...
2026-06-23T19:53:41.503+07:00  INFO 9688 --- [springboot] [main] com.zaxxer.hikari.pool.HikariPool        : HikariPool-1 - Added connection conn0: url=jdbc:h2:mem:testdb user=SA
2026-06-23T19:53:41.505+07:00  INFO 9688 --- [springboot] [main] com.zaxxer.hikari.HikariDataSource       : HikariPool-1 - Start completed.
2026-06-23T19:53:41.590+07:00  INFO 9688 --- [springboot] [main] org.hibernate.orm.connections.pooling    : HHH10001005: Database info:
	Database JDBC URL [jdbc:h2:mem:testdb]
	Database driver: H2 JDBC Driver
	Database dialect: H2Dialect
	Database version: 2.4.240
	Default catalog/schema: TESTDB/PUBLIC
	Autocommit mode: undefined/unknown
	Isolation level: READ_COMMITTED [default READ_COMMITTED]
	JDBC fetch size: 100
	Pool: DataSourceConnectionProvider
	Minimum pool size: undefined/unknown
	Maximum pool size: undefined/unknown
2026-06-23T19:53:42.406+07:00  INFO 9688 --- [springboot] [main] org.hibernate.orm.core                   : HHH000182: No default (no-argument) constructor for class [com.webservice.springboot.hello] (class must be instantiated by Interceptor)
2026-06-23T19:53:42.620+07:00  INFO 9688 --- [springboot] [main] org.hibernate.orm.core                   : HHH000489: No JTA platform available (set 'hibernate.transaction.jta.platform' to enable JTA platform integration)
2026-06-23T19:53:42.696+07:00  INFO 9688 --- [springboot] [main] j.LocalContainerEntityManagerFactoryBean : Initialized JPA EntityManagerFactory for persistence unit 'default'
2026-06-23T19:53:42.801+07:00  INFO 9688 --- [springboot] [main] o.s.d.j.r.query.QueryEnhancerFactories   : Hibernate is in classpath; If applicable, HQL parser will be used.
2026-06-23T19:53:42.998+07:00  WARN 9688 --- [springboot] [main] JpaBaseConfiguration$JpaWebConfiguration : spring.jpa.open-in-view is enabled by default. Therefore, database queries may be performed during view rendering. Explicitly configure spring.jpa.open-in-view to disable this warning
2026-06-23T19:53:43.534+07:00  INFO 9688 --- [springboot] [main] c.w.s.SpringbootApplicationTests         : Started SpringbootApplicationTests in 3.956 seconds (process running for 6.959)
2026-06-23T19:53:44.052+07:00  INFO 9688 --- [springboot] [SpringApplicationShutdownHook] j.LocalContainerEntityManagerFactoryBean : Closing JPA EntityManagerFactory for persistence unit 'default'
2026-06-23T19:53:44.055+07:00  INFO 9688 --- [springboot] [SpringApplicationShutdownHook] com.zaxxer.hikari.HikariDataSource       : HikariPool-1 - Shutdown initiated...
2026-06-23T19:53:44.058+07:00  INFO 9688 --- [springboot] [SpringApplicationShutdownHook] com.zaxxer.hikari.HikariDataSource       : HikariPool-1 - Shutdown completed.
2026-06-23T19:56:14.982+07:00  INFO 4044 --- [springboot] [main] c.w.springboot.helloControllerTest       : Starting helloControllerTest using Java 25.0.3 with PID 4044 (started by chris in D:\Files\WebService\springboot)
2026-06-23T19:56:14.984+07:00 DEBUG 4044 --- [springboot] [main] c.w.springboot.helloControllerTest       : Running with Spring Boot v4.1.0, Spring v7.0.8
2026-06-23T19:56:14.986+07:00  INFO 4044 --- [springboot] [main] c.w.springboot.helloControllerTest       : No active profile set, falling back to 1 default profile: "default"
2026-06-23T19:56:15.860+07:00  INFO 4044 --- [springboot] [main] .s.d.r.c.RepositoryConfigurationDelegate : Bootstrapping Spring Data JPA repositories in DEFAULT mode.
2026-06-23T19:56:15.934+07:00  INFO 4044 --- [springboot] [main] .s.d.r.c.RepositoryConfigurationDelegate : Finished Spring Data repository scanning in 62 ms. Found 1 JPA repository interface.
2026-06-23T19:56:16.428+07:00  INFO 4044 --- [springboot] [main] org.hibernate.orm.jpa                    : HHH008540: Processing PersistenceUnitInfo [name: default]
2026-06-23T19:56:16.497+07:00  INFO 4044 --- [springboot] [main] org.hibernate.orm.core                   : HHH000001: Hibernate ORM core version 7.4.1.Final
2026-06-23T19:56:17.106+07:00  INFO 4044 --- [springboot] [main] o.s.o.j.p.SpringPersistenceUnitInfo      : No LoadTimeWeaver setup: ignoring JPA class transformer
2026-06-23T19:56:17.160+07:00  INFO 4044 --- [springboot] [main] com.zaxxer.hikari.HikariDataSource       : HikariPool-1 - Starting...
2026-06-23T19:56:17.393+07:00  INFO 4044 --- [springboot] [main] com.zaxxer.hikari.pool.HikariPool        : HikariPool-1 - Added connection conn0: url=jdbc:h2:mem:testdb user=SA
2026-06-23T19:56:17.396+07:00  INFO 4044 --- [springboot] [main] com.zaxxer.hikari.HikariDataSource       : HikariPool-1 - Start completed.
2026-06-23T19:56:17.485+07:00  INFO 4044 --- [springboot] [main] org.hibernate.orm.connections.pooling    : HHH10001005: Database info:
	Database JDBC URL [jdbc:h2:mem:testdb]
	Database driver: H2 JDBC Driver
	Database dialect: H2Dialect
	Database version: 2.4.240
	Default catalog/schema: TESTDB/PUBLIC
	Autocommit mode: undefined/unknown
	Isolation level: READ_COMMITTED [default READ_COMMITTED]
	JDBC fetch size: 100
	Pool: DataSourceConnectionProvider
	Minimum pool size: undefined/unknown
	Maximum pool size: undefined/unknown
2026-06-23T19:56:18.412+07:00  INFO 4044 --- [springboot] [main] org.hibernate.orm.core                   : HHH000182: No default (no-argument) constructor for class [com.webservice.springboot.hello] (class must be instantiated by Interceptor)
2026-06-23T19:56:18.620+07:00  INFO 4044 --- [springboot] [main] org.hibernate.orm.core                   : HHH000489: No JTA platform available (set 'hibernate.transaction.jta.platform' to enable JTA platform integration)
2026-06-23T19:56:18.688+07:00  INFO 4044 --- [springboot] [main] j.LocalContainerEntityManagerFactoryBean : Initialized JPA EntityManagerFactory for persistence unit 'default'
2026-06-23T19:56:18.793+07:00  INFO 4044 --- [springboot] [main] o.s.d.j.r.query.QueryEnhancerFactories   : Hibernate is in classpath; If applicable, HQL parser will be used.
2026-06-23T19:56:19.003+07:00  WARN 4044 --- [springboot] [main] JpaBaseConfiguration$JpaWebConfiguration : spring.jpa.open-in-view is enabled by default. Therefore, database queries may be performed during view rendering. Explicitly configure spring.jpa.open-in-view to disable this warning
2026-06-23T19:56:19.540+07:00  INFO 4044 --- [springboot] [main] o.s.b.t.m.w.SpringBootMockServletContext : Initializing Spring TestDispatcherServlet ''
2026-06-23T19:56:19.541+07:00  INFO 4044 --- [springboot] [main] o.s.t.web.servlet.TestDispatcherServlet  : Initializing Servlet ''
2026-06-23T19:56:19.543+07:00  INFO 4044 --- [springboot] [main] o.s.t.web.servlet.TestDispatcherServlet  : Completed initialization in 2 ms
2026-06-23T19:56:19.583+07:00  INFO 4044 --- [springboot] [main] c.w.springboot.helloControllerTest       : Started helloControllerTest in 5.025 seconds (process running for 6.664)
2026-06-23T19:56:20.198+07:00  INFO 4044 --- [springboot] [main] t.c.s.AnnotationConfigContextLoaderUtils : Could not detect default configuration classes for test class [com.webservice.springboot.SpringbootApplicationTests]: SpringbootApplicationTests does not declare any static, non-private, non-final, nested classes annotated with @Configuration.
2026-06-23T19:56:20.240+07:00  INFO 4044 --- [springboot] [main] .b.t.c.SpringBootTestContextBootstrapper : Found @SpringBootConfiguration com.webservice.springboot.SpringbootApplication for test class com.webservice.springboot.SpringbootApplicationTests
2026-06-23T19:56:20.242+07:00  INFO 4044 --- [springboot] [main] t.c.s.AnnotationConfigContextLoaderUtils : Could not detect default configuration classes for test class [com.webservice.springboot.SpringbootApplicationTests]: SpringbootApplicationTests does not declare any static, non-private, non-final, nested classes annotated with @Configuration.
2026-06-23T19:56:20.244+07:00  INFO 4044 --- [springboot] [main] .b.t.c.SpringBootTestContextBootstrapper : Found @SpringBootConfiguration com.webservice.springboot.SpringbootApplication for test class com.webservice.springboot.SpringbootApplicationTests
2026-06-23T19:56:20.295+07:00  INFO 4044 --- [springboot] [main] c.w.s.SpringbootApplicationTests         : Starting SpringbootApplicationTests using Java 25.0.3 with PID 4044 (started by chris in D:\Files\WebService\springboot)
2026-06-23T19:56:20.295+07:00 DEBUG 4044 --- [springboot] [main] c.w.s.SpringbootApplicationTests         : Running with Spring Boot v4.1.0, Spring v7.0.8
2026-06-23T19:56:20.295+07:00  INFO 4044 --- [springboot] [main] c.w.s.SpringbootApplicationTests         : No active profile set, falling back to 1 default profile: "default"
2026-06-23T19:56:20.635+07:00  INFO 4044 --- [springboot] [main] .s.d.r.c.RepositoryConfigurationDelegate : Bootstrapping Spring Data JPA repositories in DEFAULT mode.
2026-06-23T19:56:20.649+07:00  INFO 4044 --- [springboot] [main] .s.d.r.c.RepositoryConfigurationDelegate : Finished Spring Data repository scanning in 11 ms. Found 1 JPA repository interface.
2026-06-23T19:56:20.745+07:00  INFO 4044 --- [springboot] [main] org.hibernate.orm.jpa                    : HHH008540: Processing PersistenceUnitInfo [name: default]
2026-06-23T19:56:20.772+07:00  INFO 4044 --- [springboot] [main] o.s.o.j.p.SpringPersistenceUnitInfo      : No LoadTimeWeaver setup: ignoring JPA class transformer
2026-06-23T19:56:20.773+07:00  INFO 4044 --- [springboot] [main] com.zaxxer.hikari.HikariDataSource       : HikariPool-2 - Starting...
2026-06-23T19:56:20.775+07:00  INFO 4044 --- [springboot] [main] com.zaxxer.hikari.pool.HikariPool        : HikariPool-2 - Added connection conn10: url=jdbc:h2:mem:testdb user=SA
2026-06-23T19:56:20.776+07:00  INFO 4044 --- [springboot] [main] com.zaxxer.hikari.HikariDataSource       : HikariPool-2 - Start completed.
2026-06-23T19:56:20.777+07:00  INFO 4044 --- [springboot] [main] org.hibernate.orm.connections.pooling    : HHH10001005: Database info:
	Database JDBC URL [jdbc:h2:mem:testdb]
	Database driver: H2 JDBC Driver
	Database dialect: H2Dialect
	Database version: 2.4.240
	Default catalog/schema: TESTDB/PUBLIC
	Autocommit mode: undefined/unknown
	Isolation level: READ_COMMITTED [default READ_COMMITTED]
	JDBC fetch size: 100
	Pool: DataSourceConnectionProvider
	Minimum pool size: undefined/unknown
	Maximum pool size: undefined/unknown
2026-06-23T19:56:20.813+07:00  INFO 4044 --- [springboot] [main] org.hibernate.orm.core                   : HHH000182: No default (no-argument) constructor for class [com.webservice.springboot.hello] (class must be instantiated by Interceptor)
2026-06-23T19:56:20.819+07:00  INFO 4044 --- [springboot] [main] org.hibernate.orm.core                   : HHH000489: No JTA platform available (set 'hibernate.transaction.jta.platform' to enable JTA platform integration)
2026-06-23T19:56:20.824+07:00  INFO 4044 --- [springboot] [main] j.LocalContainerEntityManagerFactoryBean : Initialized JPA EntityManagerFactory for persistence unit 'default'
2026-06-23T19:56:20.877+07:00  WARN 4044 --- [springboot] [main] JpaBaseConfiguration$JpaWebConfiguration : spring.jpa.open-in-view is enabled by default. Therefore, database queries may be performed during view rendering. Explicitly configure spring.jpa.open-in-view to disable this warning
2026-06-23T19:56:21.005+07:00  INFO 4044 --- [springboot] [main] c.w.s.SpringbootApplicationTests         : Started SpringbootApplicationTests in 0.749 seconds (process running for 8.087)
2026-06-23T19:56:21.063+07:00  INFO 4044 --- [springboot] [SpringApplicationShutdownHook] j.LocalContainerEntityManagerFactoryBean : Closing JPA EntityManagerFactory for persistence unit 'default'
2026-06-23T19:56:21.067+07:00  INFO 4044 --- [springboot] [SpringApplicationShutdownHook] com.zaxxer.hikari.HikariDataSource       : HikariPool-1 - Shutdown initiated...
2026-06-23T19:56:21.071+07:00  INFO 4044 --- [springboot] [SpringApplicationShutdownHook] com.zaxxer.hikari.HikariDataSource       : HikariPool-1 - Shutdown completed.
2026-06-23T19:56:21.073+07:00  INFO 4044 --- [springboot] [SpringApplicationShutdownHook] j.LocalContainerEntityManagerFactoryBean : Closing JPA EntityManagerFactory for persistence unit 'default'
2026-06-23T19:56:21.074+07:00  INFO 4044 --- [springboot] [SpringApplicationShutdownHook] com.zaxxer.hikari.HikariDataSource       : HikariPool-2 - Shutdown initiated...
2026-06-23T19:56:21.091+07:00  INFO 4044 --- [springboot] [SpringApplicationShutdownHook] com.zaxxer.hikari.HikariDataSource       : HikariPool-2 - Shutdown completed.
2026-06-23T20:02:23.295+07:00  INFO 10156 --- [springboot] [main] c.w.springboot.helloControllerTest       : Starting helloControllerTest using Java 25.0.3 with PID 10156 (started by chris in D:\Files\WebService\springboot)
2026-06-23T20:02:23.297+07:00 DEBUG 10156 --- [springboot] [main] c.w.springboot.helloControllerTest       : Running with Spring Boot v4.1.0, Spring v7.0.8
2026-06-23T20:02:23.298+07:00  INFO 10156 --- [springboot] [main] c.w.springboot.helloControllerTest       : No active profile set, falling back to 1 default profile: "default"
2026-06-23T20:02:24.169+07:00  INFO 10156 --- [springboot] [main] .s.d.r.c.RepositoryConfigurationDelegate : Bootstrapping Spring Data JPA repositories in DEFAULT mode.
2026-06-23T20:02:24.243+07:00  INFO 10156 --- [springboot] [main] .s.d.r.c.RepositoryConfigurationDelegate : Finished Spring Data repository scanning in 60 ms. Found 1 JPA repository interface.
2026-06-23T20:02:24.728+07:00  INFO 10156 --- [springboot] [main] org.hibernate.orm.jpa                    : HHH008540: Processing PersistenceUnitInfo [name: default]
2026-06-23T20:02:24.806+07:00  INFO 10156 --- [springboot] [main] org.hibernate.orm.core                   : HHH000001: Hibernate ORM core version 7.4.1.Final
2026-06-23T20:02:25.418+07:00  INFO 10156 --- [springboot] [main] o.s.o.j.p.SpringPersistenceUnitInfo      : No LoadTimeWeaver setup: ignoring JPA class transformer
2026-06-23T20:02:25.465+07:00  INFO 10156 --- [springboot] [main] com.zaxxer.hikari.HikariDataSource       : HikariPool-1 - Starting...
2026-06-23T20:02:25.704+07:00  INFO 10156 --- [springboot] [main] com.zaxxer.hikari.pool.HikariPool        : HikariPool-1 - Added connection conn0: url=jdbc:h2:mem:testdb user=SA
2026-06-23T20:02:25.707+07:00  INFO 10156 --- [springboot] [main] com.zaxxer.hikari.HikariDataSource       : HikariPool-1 - Start completed.
2026-06-23T20:02:25.789+07:00  INFO 10156 --- [springboot] [main] org.hibernate.orm.connections.pooling    : HHH10001005: Database info:
	Database JDBC URL [jdbc:h2:mem:testdb]
	Database driver: H2 JDBC Driver
	Database dialect: H2Dialect
	Database version: 2.4.240
	Default catalog/schema: TESTDB/PUBLIC
	Autocommit mode: undefined/unknown
	Isolation level: READ_COMMITTED [default READ_COMMITTED]
	JDBC fetch size: 100
	Pool: DataSourceConnectionProvider
	Minimum pool size: undefined/unknown
	Maximum pool size: undefined/unknown
2026-06-23T20:02:26.561+07:00  INFO 10156 --- [springboot] [main] org.hibernate.orm.core                   : HHH000182: No default (no-argument) constructor for class [com.webservice.springboot.hello] (class must be instantiated by Interceptor)
2026-06-23T20:02:26.758+07:00  INFO 10156 --- [springboot] [main] org.hibernate.orm.core                   : HHH000489: No JTA platform available (set 'hibernate.transaction.jta.platform' to enable JTA platform integration)
2026-06-23T20:02:26.833+07:00  INFO 10156 --- [springboot] [main] j.LocalContainerEntityManagerFactoryBean : Initialized JPA EntityManagerFactory for persistence unit 'default'
2026-06-23T20:02:26.939+07:00  INFO 10156 --- [springboot] [main] o.s.d.j.r.query.QueryEnhancerFactories   : Hibernate is in classpath; If applicable, HQL parser will be used.
2026-06-23T20:02:27.142+07:00  WARN 10156 --- [springboot] [main] JpaBaseConfiguration$JpaWebConfiguration : spring.jpa.open-in-view is enabled by default. Therefore, database queries may be performed during view rendering. Explicitly configure spring.jpa.open-in-view to disable this warning
2026-06-23T20:02:27.692+07:00  INFO 10156 --- [springboot] [main] o.s.b.t.m.w.SpringBootMockServletContext : Initializing Spring TestDispatcherServlet ''
2026-06-23T20:02:27.693+07:00  INFO 10156 --- [springboot] [main] o.s.t.web.servlet.TestDispatcherServlet  : Initializing Servlet ''
2026-06-23T20:02:27.695+07:00  INFO 10156 --- [springboot] [main] o.s.t.web.servlet.TestDispatcherServlet  : Completed initialization in 2 ms
2026-06-23T20:02:27.723+07:00  INFO 10156 --- [springboot] [main] c.w.springboot.helloControllerTest       : Started helloControllerTest in 4.837 seconds (process running for 6.319)
2026-06-23T20:02:28.364+07:00  INFO 10156 --- [springboot] [main] t.c.s.AnnotationConfigContextLoaderUtils : Could not detect default configuration classes for test class [com.webservice.springboot.SpringbootApplicationTests]: SpringbootApplicationTests does not declare any static, non-private, non-final, nested classes annotated with @Configuration.
2026-06-23T20:02:28.379+07:00  INFO 10156 --- [springboot] [main] .b.t.c.SpringBootTestContextBootstrapper : Found @SpringBootConfiguration com.webservice.springboot.SpringbootApplication for test class com.webservice.springboot.SpringbootApplicationTests
2026-06-23T20:02:28.403+07:00  INFO 10156 --- [springboot] [main] t.c.s.AnnotationConfigContextLoaderUtils : Could not detect default configuration classes for test class [com.webservice.springboot.SpringbootApplicationTests]: SpringbootApplicationTests does not declare any static, non-private, non-final, nested classes annotated with @Configuration.
2026-06-23T20:02:28.405+07:00  INFO 10156 --- [springboot] [main] .b.t.c.SpringBootTestContextBootstrapper : Found @SpringBootConfiguration com.webservice.springboot.SpringbootApplication for test class com.webservice.springboot.SpringbootApplicationTests
2026-06-23T20:02:28.453+07:00  INFO 10156 --- [springboot] [main] c.w.s.SpringbootApplicationTests         : Starting SpringbootApplicationTests using Java 25.0.3 with PID 10156 (started by chris in D:\Files\WebService\springboot)
2026-06-23T20:02:28.454+07:00 DEBUG 10156 --- [springboot] [main] c.w.s.SpringbootApplicationTests         : Running with Spring Boot v4.1.0, Spring v7.0.8
2026-06-23T20:02:28.455+07:00  INFO 10156 --- [springboot] [main] c.w.s.SpringbootApplicationTests         : No active profile set, falling back to 1 default profile: "default"
2026-06-23T20:02:28.780+07:00  INFO 10156 --- [springboot] [main] .s.d.r.c.RepositoryConfigurationDelegate : Bootstrapping Spring Data JPA repositories in DEFAULT mode.
2026-06-23T20:02:28.789+07:00  INFO 10156 --- [springboot] [main] .s.d.r.c.RepositoryConfigurationDelegate : Finished Spring Data repository scanning in 7 ms. Found 1 JPA repository interface.
2026-06-23T20:02:28.894+07:00  INFO 10156 --- [springboot] [main] org.hibernate.orm.jpa                    : HHH008540: Processing PersistenceUnitInfo [name: default]
2026-06-23T20:02:28.923+07:00  INFO 10156 --- [springboot] [main] o.s.o.j.p.SpringPersistenceUnitInfo      : No LoadTimeWeaver setup: ignoring JPA class transformer
2026-06-23T20:02:28.925+07:00  INFO 10156 --- [springboot] [main] com.zaxxer.hikari.HikariDataSource       : HikariPool-2 - Starting...
2026-06-23T20:02:28.926+07:00  INFO 10156 --- [springboot] [main] com.zaxxer.hikari.pool.HikariPool        : HikariPool-2 - Added connection conn10: url=jdbc:h2:mem:testdb user=SA
2026-06-23T20:02:28.927+07:00  INFO 10156 --- [springboot] [main] com.zaxxer.hikari.HikariDataSource       : HikariPool-2 - Start completed.
2026-06-23T20:02:28.928+07:00  INFO 10156 --- [springboot] [main] org.hibernate.orm.connections.pooling    : HHH10001005: Database info:
	Database JDBC URL [jdbc:h2:mem:testdb]
	Database driver: H2 JDBC Driver
	Database dialect: H2Dialect
	Database version: 2.4.240
	Default catalog/schema: TESTDB/PUBLIC
	Autocommit mode: undefined/unknown
	Isolation level: READ_COMMITTED [default READ_COMMITTED]
	JDBC fetch size: 100
	Pool: DataSourceConnectionProvider
	Minimum pool size: undefined/unknown
	Maximum pool size: undefined/unknown
2026-06-23T20:02:28.961+07:00  INFO 10156 --- [springboot] [main] org.hibernate.orm.core                   : HHH000182: No default (no-argument) constructor for class [com.webservice.springboot.hello] (class must be instantiated by Interceptor)
2026-06-23T20:02:28.966+07:00  INFO 10156 --- [springboot] [main] org.hibernate.orm.core                   : HHH000489: No JTA platform available (set 'hibernate.transaction.jta.platform' to enable JTA platform integration)
2026-06-23T20:02:28.973+07:00  INFO 10156 --- [springboot] [main] j.LocalContainerEntityManagerFactoryBean : Initialized JPA EntityManagerFactory for persistence unit 'default'
2026-06-23T20:02:29.024+07:00  WARN 10156 --- [springboot] [main] JpaBaseConfiguration$JpaWebConfiguration : spring.jpa.open-in-view is enabled by default. Therefore, database queries may be performed during view rendering. Explicitly configure spring.jpa.open-in-view to disable this warning
2026-06-23T20:02:29.232+07:00  INFO 10156 --- [springboot] [main] c.w.s.SpringbootApplicationTests         : Started SpringbootApplicationTests in 0.814 seconds (process running for 7.828)
2026-06-23T20:02:29.294+07:00  INFO 10156 --- [springboot] [SpringApplicationShutdownHook] j.LocalContainerEntityManagerFactoryBean : Closing JPA EntityManagerFactory for persistence unit 'default'
2026-06-23T20:02:29.297+07:00  INFO 10156 --- [springboot] [SpringApplicationShutdownHook] com.zaxxer.hikari.HikariDataSource       : HikariPool-1 - Shutdown initiated...
2026-06-23T20:02:29.301+07:00  INFO 10156 --- [springboot] [SpringApplicationShutdownHook] com.zaxxer.hikari.HikariDataSource       : HikariPool-1 - Shutdown completed.
2026-06-23T20:02:29.304+07:00  INFO 10156 --- [springboot] [SpringApplicationShutdownHook] j.LocalContainerEntityManagerFactoryBean : Closing JPA EntityManagerFactory for persistence unit 'default'
2026-06-23T20:02:29.305+07:00  INFO 10156 --- [springboot] [SpringApplicationShutdownHook] com.zaxxer.hikari.HikariDataSource       : HikariPool-2 - Shutdown initiated...
2026-06-23T20:02:29.321+07:00  INFO 10156 --- [springboot] [SpringApplicationShutdownHook] com.zaxxer.hikari.HikariDataSource       : HikariPool-2 - Shutdown completed.
2026-06-23T20:15:21.456+07:00  INFO 8936 --- [springboot] [SpringApplicationShutdownHook] o.s.boot.tomcat.GracefulShutdown         : Commencing graceful shutdown. Waiting for active requests to complete
2026-06-23T20:15:21.489+07:00  INFO 8936 --- [springboot] [tomcat-shutdown] o.s.boot.tomcat.GracefulShutdown         : Graceful shutdown complete
2026-06-23T20:15:21.498+07:00  INFO 8936 --- [springboot] [SpringApplicationShutdownHook] j.LocalContainerEntityManagerFactoryBean : Closing JPA EntityManagerFactory for persistence unit 'default'
2026-06-23T20:15:21.510+07:00  INFO 8936 --- [springboot] [SpringApplicationShutdownHook] com.zaxxer.hikari.HikariDataSource       : HikariPool-1 - Shutdown initiated...
2026-06-23T20:15:21.517+07:00  INFO 8936 --- [springboot] [SpringApplicationShutdownHook] com.zaxxer.hikari.HikariDataSource       : HikariPool-1 - Shutdown completed.
2026-06-23T20:15:33.296+07:00  INFO 10928 --- [springboot] [main] c.w.springboot.helloControllerTest       : Starting helloControllerTest using Java 25.0.3 with PID 10928 (started by chris in D:\Files\WebService\springboot)
2026-06-23T20:15:33.299+07:00 DEBUG 10928 --- [springboot] [main] c.w.springboot.helloControllerTest       : Running with Spring Boot v4.1.0, Spring v7.0.8
2026-06-23T20:15:33.301+07:00  INFO 10928 --- [springboot] [main] c.w.springboot.helloControllerTest       : No active profile set, falling back to 1 default profile: "default"
2026-06-23T20:15:34.192+07:00  INFO 10928 --- [springboot] [main] .s.d.r.c.RepositoryConfigurationDelegate : Bootstrapping Spring Data JPA repositories in DEFAULT mode.
2026-06-23T20:15:34.258+07:00  INFO 10928 --- [springboot] [main] .s.d.r.c.RepositoryConfigurationDelegate : Finished Spring Data repository scanning in 53 ms. Found 1 JPA repository interface.
2026-06-23T20:15:34.746+07:00  INFO 10928 --- [springboot] [main] org.hibernate.orm.jpa                    : HHH008540: Processing PersistenceUnitInfo [name: default]
2026-06-23T20:15:34.812+07:00  INFO 10928 --- [springboot] [main] org.hibernate.orm.core                   : HHH000001: Hibernate ORM core version 7.4.1.Final
2026-06-23T20:15:35.411+07:00  INFO 10928 --- [springboot] [main] o.s.o.j.p.SpringPersistenceUnitInfo      : No LoadTimeWeaver setup: ignoring JPA class transformer
2026-06-23T20:15:35.453+07:00  INFO 10928 --- [springboot] [main] com.zaxxer.hikari.HikariDataSource       : HikariPool-1 - Starting...
2026-06-23T20:15:35.684+07:00  INFO 10928 --- [springboot] [main] com.zaxxer.hikari.pool.HikariPool        : HikariPool-1 - Added connection conn0: url=jdbc:h2:mem:testdb user=SA
2026-06-23T20:15:35.687+07:00  INFO 10928 --- [springboot] [main] com.zaxxer.hikari.HikariDataSource       : HikariPool-1 - Start completed.
2026-06-23T20:15:35.761+07:00  INFO 10928 --- [springboot] [main] org.hibernate.orm.connections.pooling    : HHH10001005: Database info:
	Database JDBC URL [jdbc:h2:mem:testdb]
	Database driver: H2 JDBC Driver
	Database dialect: H2Dialect
	Database version: 2.4.240
	Default catalog/schema: TESTDB/PUBLIC
	Autocommit mode: undefined/unknown
	Isolation level: READ_COMMITTED [default READ_COMMITTED]
	JDBC fetch size: 100
	Pool: DataSourceConnectionProvider
	Minimum pool size: undefined/unknown
	Maximum pool size: undefined/unknown
2026-06-23T20:15:36.491+07:00  INFO 10928 --- [springboot] [main] org.hibernate.orm.core                   : HHH000182: No default (no-argument) constructor for class [com.webservice.springboot.hello] (class must be instantiated by Interceptor)
2026-06-23T20:15:36.697+07:00  INFO 10928 --- [springboot] [main] org.hibernate.orm.core                   : HHH000489: No JTA platform available (set 'hibernate.transaction.jta.platform' to enable JTA platform integration)
2026-06-23T20:15:36.782+07:00  INFO 10928 --- [springboot] [main] j.LocalContainerEntityManagerFactoryBean : Initialized JPA EntityManagerFactory for persistence unit 'default'
2026-06-23T20:15:36.893+07:00  INFO 10928 --- [springboot] [main] o.s.d.j.r.query.QueryEnhancerFactories   : Hibernate is in classpath; If applicable, HQL parser will be used.
2026-06-23T20:15:37.096+07:00  WARN 10928 --- [springboot] [main] JpaBaseConfiguration$JpaWebConfiguration : spring.jpa.open-in-view is enabled by default. Therefore, database queries may be performed during view rendering. Explicitly configure spring.jpa.open-in-view to disable this warning
2026-06-23T20:15:37.642+07:00  INFO 10928 --- [springboot] [main] o.s.b.t.m.w.SpringBootMockServletContext : Initializing Spring TestDispatcherServlet ''
2026-06-23T20:15:37.643+07:00  INFO 10928 --- [springboot] [main] o.s.t.web.servlet.TestDispatcherServlet  : Initializing Servlet ''
2026-06-23T20:15:37.656+07:00  INFO 10928 --- [springboot] [main] o.s.t.web.servlet.TestDispatcherServlet  : Completed initialization in 12 ms
2026-06-23T20:15:37.687+07:00  INFO 10928 --- [springboot] [main] c.w.springboot.helloControllerTest       : Started helloControllerTest in 4.796 seconds (process running for 6.235)
2026-06-23T20:15:38.830+07:00  INFO 10928 --- [springboot] [main] t.c.s.AnnotationConfigContextLoaderUtils : Could not detect default configuration classes for test class [com.webservice.springboot.SpringbootApplicationTests]: SpringbootApplicationTests does not declare any static, non-private, non-final, nested classes annotated with @Configuration.
2026-06-23T20:15:38.838+07:00  INFO 10928 --- [springboot] [main] .b.t.c.SpringBootTestContextBootstrapper : Found @SpringBootConfiguration com.webservice.springboot.SpringbootApplication for test class com.webservice.springboot.SpringbootApplicationTests
2026-06-23T20:15:38.840+07:00  INFO 10928 --- [springboot] [main] t.c.s.AnnotationConfigContextLoaderUtils : Could not detect default configuration classes for test class [com.webservice.springboot.SpringbootApplicationTests]: SpringbootApplicationTests does not declare any static, non-private, non-final, nested classes annotated with @Configuration.
2026-06-23T20:15:38.843+07:00  INFO 10928 --- [springboot] [main] .b.t.c.SpringBootTestContextBootstrapper : Found @SpringBootConfiguration com.webservice.springboot.SpringbootApplication for test class com.webservice.springboot.SpringbootApplicationTests
2026-06-23T20:15:38.939+07:00  INFO 10928 --- [springboot] [main] c.w.s.SpringbootApplicationTests         : Starting SpringbootApplicationTests using Java 25.0.3 with PID 10928 (started by chris in D:\Files\WebService\springboot)
2026-06-23T20:15:38.940+07:00 DEBUG 10928 --- [springboot] [main] c.w.s.SpringbootApplicationTests         : Running with Spring Boot v4.1.0, Spring v7.0.8
2026-06-23T20:15:38.940+07:00  INFO 10928 --- [springboot] [main] c.w.s.SpringbootApplicationTests         : No active profile set, falling back to 1 default profile: "default"
2026-06-23T20:15:39.235+07:00  INFO 10928 --- [springboot] [main] .s.d.r.c.RepositoryConfigurationDelegate : Bootstrapping Spring Data JPA repositories in DEFAULT mode.
2026-06-23T20:15:39.248+07:00  INFO 10928 --- [springboot] [main] .s.d.r.c.RepositoryConfigurationDelegate : Finished Spring Data repository scanning in 11 ms. Found 1 JPA repository interface.
2026-06-23T20:15:39.354+07:00  INFO 10928 --- [springboot] [main] org.hibernate.orm.jpa                    : HHH008540: Processing PersistenceUnitInfo [name: default]
2026-06-23T20:15:39.389+07:00  INFO 10928 --- [springboot] [main] o.s.o.j.p.SpringPersistenceUnitInfo      : No LoadTimeWeaver setup: ignoring JPA class transformer
2026-06-23T20:15:39.391+07:00  INFO 10928 --- [springboot] [main] com.zaxxer.hikari.HikariDataSource       : HikariPool-2 - Starting...
2026-06-23T20:15:39.392+07:00  INFO 10928 --- [springboot] [main] com.zaxxer.hikari.pool.HikariPool        : HikariPool-2 - Added connection conn10: url=jdbc:h2:mem:testdb user=SA
2026-06-23T20:15:39.393+07:00  INFO 10928 --- [springboot] [main] com.zaxxer.hikari.HikariDataSource       : HikariPool-2 - Start completed.
2026-06-23T20:15:39.394+07:00  INFO 10928 --- [springboot] [main] org.hibernate.orm.connections.pooling    : HHH10001005: Database info:
	Database JDBC URL [jdbc:h2:mem:testdb]
	Database driver: H2 JDBC Driver
	Database dialect: H2Dialect
	Database version: 2.4.240
	Default catalog/schema: TESTDB/PUBLIC
	Autocommit mode: undefined/unknown
	Isolation level: READ_COMMITTED [default READ_COMMITTED]
	JDBC fetch size: 100
	Pool: DataSourceConnectionProvider
	Minimum pool size: undefined/unknown
	Maximum pool size: undefined/unknown
2026-06-23T20:15:39.422+07:00  INFO 10928 --- [springboot] [main] org.hibernate.orm.core                   : HHH000182: No default (no-argument) constructor for class [com.webservice.springboot.hello] (class must be instantiated by Interceptor)
2026-06-23T20:15:39.427+07:00  INFO 10928 --- [springboot] [main] org.hibernate.orm.core                   : HHH000489: No JTA platform available (set 'hibernate.transaction.jta.platform' to enable JTA platform integration)
2026-06-23T20:15:39.432+07:00  INFO 10928 --- [springboot] [main] j.LocalContainerEntityManagerFactoryBean : Initialized JPA EntityManagerFactory for persistence unit 'default'
2026-06-23T20:15:39.507+07:00  WARN 10928 --- [springboot] [main] JpaBaseConfiguration$JpaWebConfiguration : spring.jpa.open-in-view is enabled by default. Therefore, database queries may be performed during view rendering. Explicitly configure spring.jpa.open-in-view to disable this warning
2026-06-23T20:15:39.637+07:00  INFO 10928 --- [springboot] [main] c.w.s.SpringbootApplicationTests         : Started SpringbootApplicationTests in 0.741 seconds (process running for 8.184)
2026-06-23T20:15:39.693+07:00  INFO 10928 --- [springboot] [SpringApplicationShutdownHook] j.LocalContainerEntityManagerFactoryBean : Closing JPA EntityManagerFactory for persistence unit 'default'
2026-06-23T20:15:39.696+07:00  INFO 10928 --- [springboot] [SpringApplicationShutdownHook] com.zaxxer.hikari.HikariDataSource       : HikariPool-1 - Shutdown initiated...
2026-06-23T20:15:39.699+07:00  INFO 10928 --- [springboot] [SpringApplicationShutdownHook] com.zaxxer.hikari.HikariDataSource       : HikariPool-1 - Shutdown completed.
2026-06-23T20:15:39.701+07:00  INFO 10928 --- [springboot] [SpringApplicationShutdownHook] j.LocalContainerEntityManagerFactoryBean : Closing JPA EntityManagerFactory for persistence unit 'default'
2026-06-23T20:15:39.702+07:00  INFO 10928 --- [springboot] [SpringApplicationShutdownHook] com.zaxxer.hikari.HikariDataSource       : HikariPool-2 - Shutdown initiated...
2026-06-23T20:15:39.718+07:00  INFO 10928 --- [springboot] [SpringApplicationShutdownHook] com.zaxxer.hikari.HikariDataSource       : HikariPool-2 - Shutdown completed.
2026-06-23T20:16:33.987+07:00  INFO 2864 --- [springboot] [main] c.w.springboot.helloControllerTest       : Starting helloControllerTest using Java 25.0.3 with PID 2864 (started by chris in D:\Files\WebService\springboot)
2026-06-23T20:16:33.989+07:00 DEBUG 2864 --- [springboot] [main] c.w.springboot.helloControllerTest       : Running with Spring Boot v4.1.0, Spring v7.0.8
2026-06-23T20:16:33.990+07:00  INFO 2864 --- [springboot] [main] c.w.springboot.helloControllerTest       : No active profile set, falling back to 1 default profile: "default"
2026-06-23T20:16:34.859+07:00  INFO 2864 --- [springboot] [main] .s.d.r.c.RepositoryConfigurationDelegate : Bootstrapping Spring Data JPA repositories in DEFAULT mode.
2026-06-23T20:16:34.936+07:00  INFO 2864 --- [springboot] [main] .s.d.r.c.RepositoryConfigurationDelegate : Finished Spring Data repository scanning in 64 ms. Found 1 JPA repository interface.
2026-06-23T20:16:35.433+07:00  INFO 2864 --- [springboot] [main] org.hibernate.orm.jpa                    : HHH008540: Processing PersistenceUnitInfo [name: default]
2026-06-23T20:16:35.513+07:00  INFO 2864 --- [springboot] [main] org.hibernate.orm.core                   : HHH000001: Hibernate ORM core version 7.4.1.Final
2026-06-23T20:16:36.101+07:00  INFO 2864 --- [springboot] [main] o.s.o.j.p.SpringPersistenceUnitInfo      : No LoadTimeWeaver setup: ignoring JPA class transformer
2026-06-23T20:16:36.143+07:00  INFO 2864 --- [springboot] [main] com.zaxxer.hikari.HikariDataSource       : HikariPool-1 - Starting...
2026-06-23T20:16:36.352+07:00  INFO 2864 --- [springboot] [main] com.zaxxer.hikari.pool.HikariPool        : HikariPool-1 - Added connection conn0: url=jdbc:h2:mem:testdb user=SA
2026-06-23T20:16:36.355+07:00  INFO 2864 --- [springboot] [main] com.zaxxer.hikari.HikariDataSource       : HikariPool-1 - Start completed.
2026-06-23T20:16:36.431+07:00  INFO 2864 --- [springboot] [main] org.hibernate.orm.connections.pooling    : HHH10001005: Database info:
	Database JDBC URL [jdbc:h2:mem:testdb]
	Database driver: H2 JDBC Driver
	Database dialect: H2Dialect
	Database version: 2.4.240
	Default catalog/schema: TESTDB/PUBLIC
	Autocommit mode: undefined/unknown
	Isolation level: READ_COMMITTED [default READ_COMMITTED]
	JDBC fetch size: 100
	Pool: DataSourceConnectionProvider
	Minimum pool size: undefined/unknown
	Maximum pool size: undefined/unknown
2026-06-23T20:16:37.110+07:00  INFO 2864 --- [springboot] [main] org.hibernate.orm.core                   : HHH000182: No default (no-argument) constructor for class [com.webservice.springboot.hello] (class must be instantiated by Interceptor)
2026-06-23T20:16:37.314+07:00  INFO 2864 --- [springboot] [main] org.hibernate.orm.core                   : HHH000489: No JTA platform available (set 'hibernate.transaction.jta.platform' to enable JTA platform integration)
2026-06-23T20:16:37.388+07:00  INFO 2864 --- [springboot] [main] j.LocalContainerEntityManagerFactoryBean : Initialized JPA EntityManagerFactory for persistence unit 'default'
2026-06-23T20:16:37.503+07:00  INFO 2864 --- [springboot] [main] o.s.d.j.r.query.QueryEnhancerFactories   : Hibernate is in classpath; If applicable, HQL parser will be used.
2026-06-23T20:16:37.707+07:00  WARN 2864 --- [springboot] [main] JpaBaseConfiguration$JpaWebConfiguration : spring.jpa.open-in-view is enabled by default. Therefore, database queries may be performed during view rendering. Explicitly configure spring.jpa.open-in-view to disable this warning
2026-06-23T20:16:38.271+07:00  INFO 2864 --- [springboot] [main] o.s.b.t.m.w.SpringBootMockServletContext : Initializing Spring TestDispatcherServlet ''
2026-06-23T20:16:38.271+07:00  INFO 2864 --- [springboot] [main] o.s.t.web.servlet.TestDispatcherServlet  : Initializing Servlet ''
2026-06-23T20:16:38.274+07:00  INFO 2864 --- [springboot] [main] o.s.t.web.servlet.TestDispatcherServlet  : Completed initialization in 2 ms
2026-06-23T20:16:38.301+07:00  INFO 2864 --- [springboot] [main] c.w.springboot.helloControllerTest       : Started helloControllerTest in 4.718 seconds (process running for 6.155)
2026-06-23T20:16:39.492+07:00  INFO 2864 --- [springboot] [main] t.c.s.AnnotationConfigContextLoaderUtils : Could not detect default configuration classes for test class [com.webservice.springboot.SpringbootApplicationTests]: SpringbootApplicationTests does not declare any static, non-private, non-final, nested classes annotated with @Configuration.
2026-06-23T20:16:39.546+07:00  INFO 2864 --- [springboot] [main] .b.t.c.SpringBootTestContextBootstrapper : Found @SpringBootConfiguration com.webservice.springboot.SpringbootApplication for test class com.webservice.springboot.SpringbootApplicationTests
2026-06-23T20:16:39.549+07:00  INFO 2864 --- [springboot] [main] t.c.s.AnnotationConfigContextLoaderUtils : Could not detect default configuration classes for test class [com.webservice.springboot.SpringbootApplicationTests]: SpringbootApplicationTests does not declare any static, non-private, non-final, nested classes annotated with @Configuration.
2026-06-23T20:16:39.551+07:00  INFO 2864 --- [springboot] [main] .b.t.c.SpringBootTestContextBootstrapper : Found @SpringBootConfiguration com.webservice.springboot.SpringbootApplication for test class com.webservice.springboot.SpringbootApplicationTests
2026-06-23T20:16:39.615+07:00  INFO 2864 --- [springboot] [main] c.w.s.SpringbootApplicationTests         : Starting SpringbootApplicationTests using Java 25.0.3 with PID 2864 (started by chris in D:\Files\WebService\springboot)
2026-06-23T20:16:39.616+07:00 DEBUG 2864 --- [springboot] [main] c.w.s.SpringbootApplicationTests         : Running with Spring Boot v4.1.0, Spring v7.0.8
2026-06-23T20:16:39.616+07:00  INFO 2864 --- [springboot] [main] c.w.s.SpringbootApplicationTests         : No active profile set, falling back to 1 default profile: "default"
2026-06-23T20:16:39.919+07:00  INFO 2864 --- [springboot] [main] .s.d.r.c.RepositoryConfigurationDelegate : Bootstrapping Spring Data JPA repositories in DEFAULT mode.
2026-06-23T20:16:39.928+07:00  INFO 2864 --- [springboot] [main] .s.d.r.c.RepositoryConfigurationDelegate : Finished Spring Data repository scanning in 6 ms. Found 1 JPA repository interface.
2026-06-23T20:16:40.034+07:00  INFO 2864 --- [springboot] [main] org.hibernate.orm.jpa                    : HHH008540: Processing PersistenceUnitInfo [name: default]
2026-06-23T20:16:40.066+07:00  INFO 2864 --- [springboot] [main] o.s.o.j.p.SpringPersistenceUnitInfo      : No LoadTimeWeaver setup: ignoring JPA class transformer
2026-06-23T20:16:40.068+07:00  INFO 2864 --- [springboot] [main] com.zaxxer.hikari.HikariDataSource       : HikariPool-2 - Starting...
2026-06-23T20:16:40.069+07:00  INFO 2864 --- [springboot] [main] com.zaxxer.hikari.pool.HikariPool        : HikariPool-2 - Added connection conn10: url=jdbc:h2:mem:testdb user=SA
2026-06-23T20:16:40.070+07:00  INFO 2864 --- [springboot] [main] com.zaxxer.hikari.HikariDataSource       : HikariPool-2 - Start completed.
2026-06-23T20:16:40.071+07:00  INFO 2864 --- [springboot] [main] org.hibernate.orm.connections.pooling    : HHH10001005: Database info:
	Database JDBC URL [jdbc:h2:mem:testdb]
	Database driver: H2 JDBC Driver
	Database dialect: H2Dialect
	Database version: 2.4.240
	Default catalog/schema: TESTDB/PUBLIC
	Autocommit mode: undefined/unknown
	Isolation level: READ_COMMITTED [default READ_COMMITTED]
	JDBC fetch size: 100
	Pool: DataSourceConnectionProvider
	Minimum pool size: undefined/unknown
	Maximum pool size: undefined/unknown
2026-06-23T20:16:40.098+07:00  INFO 2864 --- [springboot] [main] org.hibernate.orm.core                   : HHH000182: No default (no-argument) constructor for class [com.webservice.springboot.hello] (class must be instantiated by Interceptor)
2026-06-23T20:16:40.103+07:00  INFO 2864 --- [springboot] [main] org.hibernate.orm.core                   : HHH000489: No JTA platform available (set 'hibernate.transaction.jta.platform' to enable JTA platform integration)
2026-06-23T20:16:40.108+07:00  INFO 2864 --- [springboot] [main] j.LocalContainerEntityManagerFactoryBean : Initialized JPA EntityManagerFactory for persistence unit 'default'
2026-06-23T20:16:40.160+07:00  WARN 2864 --- [springboot] [main] JpaBaseConfiguration$JpaWebConfiguration : spring.jpa.open-in-view is enabled by default. Therefore, database queries may be performed during view rendering. Explicitly configure spring.jpa.open-in-view to disable this warning
2026-06-23T20:16:40.296+07:00  INFO 2864 --- [springboot] [main] c.w.s.SpringbootApplicationTests         : Started SpringbootApplicationTests in 0.732 seconds (process running for 8.15)
2026-06-23T20:16:40.345+07:00  INFO 2864 --- [springboot] [SpringApplicationShutdownHook] j.LocalContainerEntityManagerFactoryBean : Closing JPA EntityManagerFactory for persistence unit 'default'
2026-06-23T20:16:40.350+07:00  INFO 2864 --- [springboot] [SpringApplicationShutdownHook] com.zaxxer.hikari.HikariDataSource       : HikariPool-1 - Shutdown initiated...
2026-06-23T20:16:40.353+07:00  INFO 2864 --- [springboot] [SpringApplicationShutdownHook] com.zaxxer.hikari.HikariDataSource       : HikariPool-1 - Shutdown completed.
2026-06-23T20:16:40.356+07:00  INFO 2864 --- [springboot] [SpringApplicationShutdownHook] j.LocalContainerEntityManagerFactoryBean : Closing JPA EntityManagerFactory for persistence unit 'default'
2026-06-23T20:16:40.357+07:00  INFO 2864 --- [springboot] [SpringApplicationShutdownHook] com.zaxxer.hikari.HikariDataSource       : HikariPool-2 - Shutdown initiated...
2026-06-23T20:16:40.374+07:00  INFO 2864 --- [springboot] [SpringApplicationShutdownHook] com.zaxxer.hikari.HikariDataSource       : HikariPool-2 - Shutdown completed.
2026-06-23T20:17:13.183+07:00  INFO 10860 --- [springboot] [main] c.w.springboot.SpringbootApplication     : Starting SpringbootApplication using Java 25.0.3 with PID 10860 (D:\Files\WebService\springboot\target\classes started by chris in D:\Files\WebService\springboot)
2026-06-23T20:17:13.185+07:00 DEBUG 10860 --- [springboot] [main] c.w.springboot.SpringbootApplication     : Running with Spring Boot v4.1.0, Spring v7.0.8
2026-06-23T20:17:13.186+07:00  INFO 10860 --- [springboot] [main] c.w.springboot.SpringbootApplication     : No active profile set, falling back to 1 default profile: "default"
2026-06-23T20:17:13.798+07:00  INFO 10860 --- [springboot] [main] .s.d.r.c.RepositoryConfigurationDelegate : Bootstrapping Spring Data JPA repositories in DEFAULT mode.
2026-06-23T20:17:13.845+07:00  INFO 10860 --- [springboot] [main] .s.d.r.c.RepositoryConfigurationDelegate : Finished Spring Data repository scanning in 38 ms. Found 1 JPA repository interface.
2026-06-23T20:17:14.290+07:00  INFO 10860 --- [springboot] [main] o.s.boot.tomcat.TomcatWebServer          : Tomcat initialized with port 8081 (http)
2026-06-23T20:17:14.305+07:00  INFO 10860 --- [springboot] [main] o.apache.catalina.core.StandardService   : Starting service [Tomcat]
2026-06-23T20:17:14.306+07:00  INFO 10860 --- [springboot] [main] o.apache.catalina.core.StandardEngine    : Starting Servlet engine: [Apache Tomcat/11.0.22]
2026-06-23T20:17:14.381+07:00  INFO 10860 --- [springboot] [main] b.w.c.s.WebApplicationContextInitializer : Root WebApplicationContext: initialization completed in 1139 ms
2026-06-23T20:17:14.559+07:00  INFO 10860 --- [springboot] [main] org.hibernate.orm.jpa                    : HHH008540: Processing PersistenceUnitInfo [name: default]
2026-06-23T20:17:14.610+07:00  INFO 10860 --- [springboot] [main] org.hibernate.orm.core                   : HHH000001: Hibernate ORM core version 7.4.1.Final
2026-06-23T20:17:15.033+07:00  INFO 10860 --- [springboot] [main] o.s.o.j.p.SpringPersistenceUnitInfo      : No LoadTimeWeaver setup: ignoring JPA class transformer
2026-06-23T20:17:15.065+07:00  INFO 10860 --- [springboot] [main] com.zaxxer.hikari.HikariDataSource       : HikariPool-1 - Starting...
2026-06-23T20:17:15.230+07:00  INFO 10860 --- [springboot] [main] com.zaxxer.hikari.pool.HikariPool        : HikariPool-1 - Added connection conn0: url=jdbc:h2:mem:testdb user=SA
2026-06-23T20:17:15.232+07:00  INFO 10860 --- [springboot] [main] com.zaxxer.hikari.HikariDataSource       : HikariPool-1 - Start completed.
2026-06-23T20:17:15.293+07:00  INFO 10860 --- [springboot] [main] org.hibernate.orm.connections.pooling    : HHH10001005: Database info:
	Database JDBC URL [jdbc:h2:mem:testdb]
	Database driver: H2 JDBC Driver
	Database dialect: H2Dialect
	Database version: 2.4.240
	Default catalog/schema: TESTDB/PUBLIC
	Autocommit mode: undefined/unknown
	Isolation level: READ_COMMITTED [default READ_COMMITTED]
	JDBC fetch size: 100
	Pool: DataSourceConnectionProvider
	Minimum pool size: undefined/unknown
	Maximum pool size: undefined/unknown
2026-06-23T20:17:15.909+07:00  INFO 10860 --- [springboot] [main] org.hibernate.orm.core                   : HHH000182: No default (no-argument) constructor for class [com.webservice.springboot.hello] (class must be instantiated by Interceptor)
2026-06-23T20:17:16.079+07:00  INFO 10860 --- [springboot] [main] org.hibernate.orm.core                   : HHH000489: No JTA platform available (set 'hibernate.transaction.jta.platform' to enable JTA platform integration)
2026-06-23T20:17:16.149+07:00  INFO 10860 --- [springboot] [main] j.LocalContainerEntityManagerFactoryBean : Initialized JPA EntityManagerFactory for persistence unit 'default'
2026-06-23T20:17:16.227+07:00  INFO 10860 --- [springboot] [main] o.s.d.j.r.query.QueryEnhancerFactories   : Hibernate is in classpath; If applicable, HQL parser will be used.
2026-06-23T20:17:16.346+07:00  WARN 10860 --- [springboot] [main] JpaBaseConfiguration$JpaWebConfiguration : spring.jpa.open-in-view is enabled by default. Therefore, database queries may be performed during view rendering. Explicitly configure spring.jpa.open-in-view to disable this warning
2026-06-23T20:17:16.686+07:00  INFO 10860 --- [springboot] [main] o.s.boot.tomcat.TomcatWebServer          : Tomcat started on port 8081 (http) with context path '/'
2026-06-23T20:17:16.691+07:00  INFO 10860 --- [springboot] [main] c.w.springboot.SpringbootApplication     : Started SpringbootApplication in 3.98 seconds (process running for 4.448)
2026-06-23T20:17:30.030+07:00  INFO 8676 --- [springboot] [main] c.w.springboot.helloControllerTest       : Starting helloControllerTest using Java 25.0.3 with PID 8676 (started by chris in D:\Files\WebService\springboot)
2026-06-23T20:17:30.032+07:00 DEBUG 8676 --- [springboot] [main] c.w.springboot.helloControllerTest       : Running with Spring Boot v4.1.0, Spring v7.0.8
2026-06-23T20:17:30.033+07:00  INFO 8676 --- [springboot] [main] c.w.springboot.helloControllerTest       : No active profile set, falling back to 1 default profile: "default"
2026-06-23T20:17:30.982+07:00  INFO 8676 --- [springboot] [main] .s.d.r.c.RepositoryConfigurationDelegate : Bootstrapping Spring Data JPA repositories in DEFAULT mode.
2026-06-23T20:17:31.056+07:00  INFO 8676 --- [springboot] [main] .s.d.r.c.RepositoryConfigurationDelegate : Finished Spring Data repository scanning in 63 ms. Found 1 JPA repository interface.
2026-06-23T20:17:31.542+07:00  INFO 8676 --- [springboot] [main] org.hibernate.orm.jpa                    : HHH008540: Processing PersistenceUnitInfo [name: default]
2026-06-23T20:17:31.607+07:00  INFO 8676 --- [springboot] [main] org.hibernate.orm.core                   : HHH000001: Hibernate ORM core version 7.4.1.Final
2026-06-23T20:17:32.202+07:00  INFO 8676 --- [springboot] [main] o.s.o.j.p.SpringPersistenceUnitInfo      : No LoadTimeWeaver setup: ignoring JPA class transformer
2026-06-23T20:17:32.253+07:00  INFO 8676 --- [springboot] [main] com.zaxxer.hikari.HikariDataSource       : HikariPool-1 - Starting...
2026-06-23T20:17:32.477+07:00  INFO 8676 --- [springboot] [main] com.zaxxer.hikari.pool.HikariPool        : HikariPool-1 - Added connection conn0: url=jdbc:h2:mem:testdb user=SA
2026-06-23T20:17:32.480+07:00  INFO 8676 --- [springboot] [main] com.zaxxer.hikari.HikariDataSource       : HikariPool-1 - Start completed.
2026-06-23T20:17:32.563+07:00  INFO 8676 --- [springboot] [main] org.hibernate.orm.connections.pooling    : HHH10001005: Database info:
	Database JDBC URL [jdbc:h2:mem:testdb]
	Database driver: H2 JDBC Driver
	Database dialect: H2Dialect
	Database version: 2.4.240
	Default catalog/schema: TESTDB/PUBLIC
	Autocommit mode: undefined/unknown
	Isolation level: READ_COMMITTED [default READ_COMMITTED]
	JDBC fetch size: 100
	Pool: DataSourceConnectionProvider
	Minimum pool size: undefined/unknown
	Maximum pool size: undefined/unknown
2026-06-23T20:17:33.317+07:00  INFO 8676 --- [springboot] [main] org.hibernate.orm.core                   : HHH000182: No default (no-argument) constructor for class [com.webservice.springboot.hello] (class must be instantiated by Interceptor)
2026-06-23T20:17:33.549+07:00  INFO 8676 --- [springboot] [main] org.hibernate.orm.core                   : HHH000489: No JTA platform available (set 'hibernate.transaction.jta.platform' to enable JTA platform integration)
2026-06-23T20:17:33.630+07:00  INFO 8676 --- [springboot] [main] j.LocalContainerEntityManagerFactoryBean : Initialized JPA EntityManagerFactory for persistence unit 'default'
2026-06-23T20:17:33.741+07:00  INFO 8676 --- [springboot] [main] o.s.d.j.r.query.QueryEnhancerFactories   : Hibernate is in classpath; If applicable, HQL parser will be used.
2026-06-23T20:17:33.940+07:00  WARN 8676 --- [springboot] [main] JpaBaseConfiguration$JpaWebConfiguration : spring.jpa.open-in-view is enabled by default. Therefore, database queries may be performed during view rendering. Explicitly configure spring.jpa.open-in-view to disable this warning
2026-06-23T20:17:34.488+07:00  INFO 8676 --- [springboot] [main] o.s.b.t.m.w.SpringBootMockServletContext : Initializing Spring TestDispatcherServlet ''
2026-06-23T20:17:34.489+07:00  INFO 8676 --- [springboot] [main] o.s.t.web.servlet.TestDispatcherServlet  : Initializing Servlet ''
2026-06-23T20:17:34.491+07:00  INFO 8676 --- [springboot] [main] o.s.t.web.servlet.TestDispatcherServlet  : Completed initialization in 2 ms
2026-06-23T20:17:34.532+07:00  INFO 8676 --- [springboot] [main] c.w.springboot.helloControllerTest       : Started helloControllerTest in 4.944 seconds (process running for 6.405)
2026-06-23T20:17:35.660+07:00  INFO 8676 --- [springboot] [main] t.c.s.AnnotationConfigContextLoaderUtils : Could not detect default configuration classes for test class [com.webservice.springboot.SpringbootApplicationTests]: SpringbootApplicationTests does not declare any static, non-private, non-final, nested classes annotated with @Configuration.
2026-06-23T20:17:35.664+07:00  INFO 8676 --- [springboot] [main] .b.t.c.SpringBootTestContextBootstrapper : Found @SpringBootConfiguration com.webservice.springboot.SpringbootApplication for test class com.webservice.springboot.SpringbootApplicationTests
2026-06-23T20:17:35.667+07:00  INFO 8676 --- [springboot] [main] t.c.s.AnnotationConfigContextLoaderUtils : Could not detect default configuration classes for test class [com.webservice.springboot.SpringbootApplicationTests]: SpringbootApplicationTests does not declare any static, non-private, non-final, nested classes annotated with @Configuration.
2026-06-23T20:17:35.673+07:00  INFO 8676 --- [springboot] [main] .b.t.c.SpringBootTestContextBootstrapper : Found @SpringBootConfiguration com.webservice.springboot.SpringbootApplication for test class com.webservice.springboot.SpringbootApplicationTests
2026-06-23T20:17:35.798+07:00  INFO 8676 --- [springboot] [main] c.w.s.SpringbootApplicationTests         : Starting SpringbootApplicationTests using Java 25.0.3 with PID 8676 (started by chris in D:\Files\WebService\springboot)
2026-06-23T20:17:35.798+07:00 DEBUG 8676 --- [springboot] [main] c.w.s.SpringbootApplicationTests         : Running with Spring Boot v4.1.0, Spring v7.0.8
2026-06-23T20:17:35.798+07:00  INFO 8676 --- [springboot] [main] c.w.s.SpringbootApplicationTests         : No active profile set, falling back to 1 default profile: "default"
2026-06-23T20:17:36.112+07:00  INFO 8676 --- [springboot] [main] .s.d.r.c.RepositoryConfigurationDelegate : Bootstrapping Spring Data JPA repositories in DEFAULT mode.
2026-06-23T20:17:36.120+07:00  INFO 8676 --- [springboot] [main] .s.d.r.c.RepositoryConfigurationDelegate : Finished Spring Data repository scanning in 6 ms. Found 1 JPA repository interface.
2026-06-23T20:17:36.210+07:00  INFO 8676 --- [springboot] [main] org.hibernate.orm.jpa                    : HHH008540: Processing PersistenceUnitInfo [name: default]
2026-06-23T20:17:36.235+07:00  INFO 8676 --- [springboot] [main] o.s.o.j.p.SpringPersistenceUnitInfo      : No LoadTimeWeaver setup: ignoring JPA class transformer
2026-06-23T20:17:36.237+07:00  INFO 8676 --- [springboot] [main] com.zaxxer.hikari.HikariDataSource       : HikariPool-2 - Starting...
2026-06-23T20:17:36.238+07:00  INFO 8676 --- [springboot] [main] com.zaxxer.hikari.pool.HikariPool        : HikariPool-2 - Added connection conn10: url=jdbc:h2:mem:testdb user=SA
2026-06-23T20:17:36.239+07:00  INFO 8676 --- [springboot] [main] com.zaxxer.hikari.HikariDataSource       : HikariPool-2 - Start completed.
2026-06-23T20:17:36.240+07:00  INFO 8676 --- [springboot] [main] org.hibernate.orm.connections.pooling    : HHH10001005: Database info:
	Database JDBC URL [jdbc:h2:mem:testdb]
	Database driver: H2 JDBC Driver
	Database dialect: H2Dialect
	Database version: 2.4.240
	Default catalog/schema: TESTDB/PUBLIC
	Autocommit mode: undefined/unknown
	Isolation level: READ_COMMITTED [default READ_COMMITTED]
	JDBC fetch size: 100
	Pool: DataSourceConnectionProvider
	Minimum pool size: undefined/unknown
	Maximum pool size: undefined/unknown
2026-06-23T20:17:36.268+07:00  INFO 8676 --- [springboot] [main] org.hibernate.orm.core                   : HHH000182: No default (no-argument) constructor for class [com.webservice.springboot.hello] (class must be instantiated by Interceptor)
2026-06-23T20:17:36.275+07:00  INFO 8676 --- [springboot] [main] org.hibernate.orm.core                   : HHH000489: No JTA platform available (set 'hibernate.transaction.jta.platform' to enable JTA platform integration)
2026-06-23T20:17:36.280+07:00  INFO 8676 --- [springboot] [main] j.LocalContainerEntityManagerFactoryBean : Initialized JPA EntityManagerFactory for persistence unit 'default'
2026-06-23T20:17:36.328+07:00  WARN 8676 --- [springboot] [main] JpaBaseConfiguration$JpaWebConfiguration : spring.jpa.open-in-view is enabled by default. Therefore, database queries may be performed during view rendering. Explicitly configure spring.jpa.open-in-view to disable this warning
2026-06-23T20:17:36.472+07:00  INFO 8676 --- [springboot] [main] c.w.s.SpringbootApplicationTests         : Started SpringbootApplicationTests in 0.774 seconds (process running for 8.345)
2026-06-23T20:17:36.509+07:00  INFO 8676 --- [springboot] [SpringApplicationShutdownHook] j.LocalContainerEntityManagerFactoryBean : Closing JPA EntityManagerFactory for persistence unit 'default'
2026-06-23T20:17:36.512+07:00  INFO 8676 --- [springboot] [SpringApplicationShutdownHook] com.zaxxer.hikari.HikariDataSource       : HikariPool-1 - Shutdown initiated...
2026-06-23T20:17:36.514+07:00  INFO 8676 --- [springboot] [SpringApplicationShutdownHook] com.zaxxer.hikari.HikariDataSource       : HikariPool-1 - Shutdown completed.
2026-06-23T20:17:36.516+07:00  INFO 8676 --- [springboot] [SpringApplicationShutdownHook] j.LocalContainerEntityManagerFactoryBean : Closing JPA EntityManagerFactory for persistence unit 'default'
2026-06-23T20:17:36.517+07:00  INFO 8676 --- [springboot] [SpringApplicationShutdownHook] com.zaxxer.hikari.HikariDataSource       : HikariPool-2 - Shutdown initiated...
2026-06-23T20:17:36.535+07:00  INFO 8676 --- [springboot] [SpringApplicationShutdownHook] com.zaxxer.hikari.HikariDataSource       : HikariPool-2 - Shutdown completed.
2026-06-23T20:17:58.177+07:00  INFO 4488 --- [springboot] [main] c.w.springboot.helloControllerTest       : Starting helloControllerTest using Java 25.0.3 with PID 4488 (started by chris in D:\Files\WebService\springboot)
2026-06-23T20:17:58.179+07:00 DEBUG 4488 --- [springboot] [main] c.w.springboot.helloControllerTest       : Running with Spring Boot v4.1.0, Spring v7.0.8
2026-06-23T20:17:58.181+07:00  INFO 4488 --- [springboot] [main] c.w.springboot.helloControllerTest       : No active profile set, falling back to 1 default profile: "default"
2026-06-23T20:17:59.034+07:00  INFO 4488 --- [springboot] [main] .s.d.r.c.RepositoryConfigurationDelegate : Bootstrapping Spring Data JPA repositories in DEFAULT mode.
2026-06-23T20:17:59.105+07:00  INFO 4488 --- [springboot] [main] .s.d.r.c.RepositoryConfigurationDelegate : Finished Spring Data repository scanning in 58 ms. Found 1 JPA repository interface.
2026-06-23T20:17:59.603+07:00  INFO 4488 --- [springboot] [main] org.hibernate.orm.jpa                    : HHH008540: Processing PersistenceUnitInfo [name: default]
2026-06-23T20:17:59.686+07:00  INFO 4488 --- [springboot] [main] org.hibernate.orm.core                   : HHH000001: Hibernate ORM core version 7.4.1.Final
2026-06-23T20:18:00.267+07:00  INFO 4488 --- [springboot] [main] o.s.o.j.p.SpringPersistenceUnitInfo      : No LoadTimeWeaver setup: ignoring JPA class transformer
2026-06-23T20:18:00.306+07:00  INFO 4488 --- [springboot] [main] com.zaxxer.hikari.HikariDataSource       : HikariPool-1 - Starting...
2026-06-23T20:18:00.519+07:00  INFO 4488 --- [springboot] [main] com.zaxxer.hikari.pool.HikariPool        : HikariPool-1 - Added connection conn0: url=jdbc:h2:mem:testdb user=SA
2026-06-23T20:18:00.520+07:00  INFO 4488 --- [springboot] [main] com.zaxxer.hikari.HikariDataSource       : HikariPool-1 - Start completed.
2026-06-23T20:18:00.587+07:00  INFO 4488 --- [springboot] [main] org.hibernate.orm.connections.pooling    : HHH10001005: Database info:
	Database JDBC URL [jdbc:h2:mem:testdb]
	Database driver: H2 JDBC Driver
	Database dialect: H2Dialect
	Database version: 2.4.240
	Default catalog/schema: TESTDB/PUBLIC
	Autocommit mode: undefined/unknown
	Isolation level: READ_COMMITTED [default READ_COMMITTED]
	JDBC fetch size: 100
	Pool: DataSourceConnectionProvider
	Minimum pool size: undefined/unknown
	Maximum pool size: undefined/unknown
2026-06-23T20:18:01.285+07:00  INFO 4488 --- [springboot] [main] org.hibernate.orm.core                   : HHH000182: No default (no-argument) constructor for class [com.webservice.springboot.hello] (class must be instantiated by Interceptor)
2026-06-23T20:18:01.481+07:00  INFO 4488 --- [springboot] [main] org.hibernate.orm.core                   : HHH000489: No JTA platform available (set 'hibernate.transaction.jta.platform' to enable JTA platform integration)
2026-06-23T20:18:01.558+07:00  INFO 4488 --- [springboot] [main] j.LocalContainerEntityManagerFactoryBean : Initialized JPA EntityManagerFactory for persistence unit 'default'
2026-06-23T20:18:01.662+07:00  INFO 4488 --- [springboot] [main] o.s.d.j.r.query.QueryEnhancerFactories   : Hibernate is in classpath; If applicable, HQL parser will be used.
2026-06-23T20:18:01.864+07:00  WARN 4488 --- [springboot] [main] JpaBaseConfiguration$JpaWebConfiguration : spring.jpa.open-in-view is enabled by default. Therefore, database queries may be performed during view rendering. Explicitly configure spring.jpa.open-in-view to disable this warning
2026-06-23T20:18:02.396+07:00  INFO 4488 --- [springboot] [main] o.s.b.t.m.w.SpringBootMockServletContext : Initializing Spring TestDispatcherServlet ''
2026-06-23T20:18:02.397+07:00  INFO 4488 --- [springboot] [main] o.s.t.web.servlet.TestDispatcherServlet  : Initializing Servlet ''
2026-06-23T20:18:02.400+07:00  INFO 4488 --- [springboot] [main] o.s.t.web.servlet.TestDispatcherServlet  : Completed initialization in 2 ms
2026-06-23T20:18:02.428+07:00  INFO 4488 --- [springboot] [main] c.w.springboot.helloControllerTest       : Started helloControllerTest in 4.654 seconds (process running for 6.071)
2026-06-23T20:18:03.472+07:00  INFO 4488 --- [springboot] [main] t.c.s.AnnotationConfigContextLoaderUtils : Could not detect default configuration classes for test class [com.webservice.springboot.SpringbootApplicationTests]: SpringbootApplicationTests does not declare any static, non-private, non-final, nested classes annotated with @Configuration.
2026-06-23T20:18:03.479+07:00  INFO 4488 --- [springboot] [main] .b.t.c.SpringBootTestContextBootstrapper : Found @SpringBootConfiguration com.webservice.springboot.SpringbootApplication for test class com.webservice.springboot.SpringbootApplicationTests
2026-06-23T20:18:03.482+07:00  INFO 4488 --- [springboot] [main] t.c.s.AnnotationConfigContextLoaderUtils : Could not detect default configuration classes for test class [com.webservice.springboot.SpringbootApplicationTests]: SpringbootApplicationTests does not declare any static, non-private, non-final, nested classes annotated with @Configuration.
2026-06-23T20:18:03.484+07:00  INFO 4488 --- [springboot] [main] .b.t.c.SpringBootTestContextBootstrapper : Found @SpringBootConfiguration com.webservice.springboot.SpringbootApplication for test class com.webservice.springboot.SpringbootApplicationTests
2026-06-23T20:18:03.575+07:00  INFO 4488 --- [springboot] [main] c.w.s.SpringbootApplicationTests         : Starting SpringbootApplicationTests using Java 25.0.3 with PID 4488 (started by chris in D:\Files\WebService\springboot)
2026-06-23T20:18:03.575+07:00 DEBUG 4488 --- [springboot] [main] c.w.s.SpringbootApplicationTests         : Running with Spring Boot v4.1.0, Spring v7.0.8
2026-06-23T20:18:03.576+07:00  INFO 4488 --- [springboot] [main] c.w.s.SpringbootApplicationTests         : No active profile set, falling back to 1 default profile: "default"
2026-06-23T20:18:03.883+07:00  INFO 4488 --- [springboot] [main] .s.d.r.c.RepositoryConfigurationDelegate : Bootstrapping Spring Data JPA repositories in DEFAULT mode.
2026-06-23T20:18:03.892+07:00  INFO 4488 --- [springboot] [main] .s.d.r.c.RepositoryConfigurationDelegate : Finished Spring Data repository scanning in 6 ms. Found 1 JPA repository interface.
2026-06-23T20:18:04.051+07:00  INFO 4488 --- [springboot] [main] org.hibernate.orm.jpa                    : HHH008540: Processing PersistenceUnitInfo [name: default]
2026-06-23T20:18:04.084+07:00  INFO 4488 --- [springboot] [main] o.s.o.j.p.SpringPersistenceUnitInfo      : No LoadTimeWeaver setup: ignoring JPA class transformer
2026-06-23T20:18:04.085+07:00  INFO 4488 --- [springboot] [main] com.zaxxer.hikari.HikariDataSource       : HikariPool-2 - Starting...
2026-06-23T20:18:04.087+07:00  INFO 4488 --- [springboot] [main] com.zaxxer.hikari.pool.HikariPool        : HikariPool-2 - Added connection conn10: url=jdbc:h2:mem:testdb user=SA
2026-06-23T20:18:04.087+07:00  INFO 4488 --- [springboot] [main] com.zaxxer.hikari.HikariDataSource       : HikariPool-2 - Start completed.
2026-06-23T20:18:04.088+07:00  INFO 4488 --- [springboot] [main] org.hibernate.orm.connections.pooling    : HHH10001005: Database info:
	Database JDBC URL [jdbc:h2:mem:testdb]
	Database driver: H2 JDBC Driver
	Database dialect: H2Dialect
	Database version: 2.4.240
	Default catalog/schema: TESTDB/PUBLIC
	Autocommit mode: undefined/unknown
	Isolation level: READ_COMMITTED [default READ_COMMITTED]
	JDBC fetch size: 100
	Pool: DataSourceConnectionProvider
	Minimum pool size: undefined/unknown
	Maximum pool size: undefined/unknown
2026-06-23T20:18:04.119+07:00  INFO 4488 --- [springboot] [main] org.hibernate.orm.core                   : HHH000182: No default (no-argument) constructor for class [com.webservice.springboot.hello] (class must be instantiated by Interceptor)
2026-06-23T20:18:04.125+07:00  INFO 4488 --- [springboot] [main] org.hibernate.orm.core                   : HHH000489: No JTA platform available (set 'hibernate.transaction.jta.platform' to enable JTA platform integration)
2026-06-23T20:18:04.130+07:00  INFO 4488 --- [springboot] [main] j.LocalContainerEntityManagerFactoryBean : Initialized JPA EntityManagerFactory for persistence unit 'default'
2026-06-23T20:18:04.183+07:00  WARN 4488 --- [springboot] [main] JpaBaseConfiguration$JpaWebConfiguration : spring.jpa.open-in-view is enabled by default. Therefore, database queries may be performed during view rendering. Explicitly configure spring.jpa.open-in-view to disable this warning
2026-06-23T20:18:04.317+07:00  INFO 4488 --- [springboot] [main] c.w.s.SpringbootApplicationTests         : Started SpringbootApplicationTests in 0.823 seconds (process running for 7.96)
2026-06-23T20:18:04.363+07:00  INFO 4488 --- [springboot] [SpringApplicationShutdownHook] j.LocalContainerEntityManagerFactoryBean : Closing JPA EntityManagerFactory for persistence unit 'default'
2026-06-23T20:18:04.367+07:00  INFO 4488 --- [springboot] [SpringApplicationShutdownHook] com.zaxxer.hikari.HikariDataSource       : HikariPool-1 - Shutdown initiated...
2026-06-23T20:18:04.370+07:00  INFO 4488 --- [springboot] [SpringApplicationShutdownHook] com.zaxxer.hikari.HikariDataSource       : HikariPool-1 - Shutdown completed.
2026-06-23T20:18:04.372+07:00  INFO 4488 --- [springboot] [SpringApplicationShutdownHook] j.LocalContainerEntityManagerFactoryBean : Closing JPA EntityManagerFactory for persistence unit 'default'
2026-06-23T20:18:04.373+07:00  INFO 4488 --- [springboot] [SpringApplicationShutdownHook] com.zaxxer.hikari.HikariDataSource       : HikariPool-2 - Shutdown initiated...
2026-06-23T20:18:04.398+07:00  INFO 4488 --- [springboot] [SpringApplicationShutdownHook] com.zaxxer.hikari.HikariDataSource       : HikariPool-2 - Shutdown completed.
2026-06-23T20:20:21.367+07:00  INFO 11032 --- [springboot] [main] c.w.springboot.helloControllerTest       : Starting helloControllerTest using Java 25.0.3 with PID 11032 (started by chris in D:\Files\WebService\springboot)
2026-06-23T20:20:21.369+07:00 DEBUG 11032 --- [springboot] [main] c.w.springboot.helloControllerTest       : Running with Spring Boot v4.1.0, Spring v7.0.8
2026-06-23T20:20:21.370+07:00  INFO 11032 --- [springboot] [main] c.w.springboot.helloControllerTest       : No active profile set, falling back to 1 default profile: "default"
2026-06-23T20:20:22.225+07:00  INFO 11032 --- [springboot] [main] .s.d.r.c.RepositoryConfigurationDelegate : Bootstrapping Spring Data JPA repositories in DEFAULT mode.
2026-06-23T20:20:22.305+07:00  INFO 11032 --- [springboot] [main] .s.d.r.c.RepositoryConfigurationDelegate : Finished Spring Data repository scanning in 67 ms. Found 1 JPA repository interface.
2026-06-23T20:20:22.798+07:00  INFO 11032 --- [springboot] [main] org.hibernate.orm.jpa                    : HHH008540: Processing PersistenceUnitInfo [name: default]
2026-06-23T20:20:22.865+07:00  INFO 11032 --- [springboot] [main] org.hibernate.orm.core                   : HHH000001: Hibernate ORM core version 7.4.1.Final
2026-06-23T20:20:23.465+07:00  INFO 11032 --- [springboot] [main] o.s.o.j.p.SpringPersistenceUnitInfo      : No LoadTimeWeaver setup: ignoring JPA class transformer
2026-06-23T20:20:23.509+07:00  INFO 11032 --- [springboot] [main] com.zaxxer.hikari.HikariDataSource       : HikariPool-1 - Starting...
2026-06-23T20:20:23.745+07:00  INFO 11032 --- [springboot] [main] com.zaxxer.hikari.pool.HikariPool        : HikariPool-1 - Added connection conn0: url=jdbc:h2:mem:testdb user=SA
2026-06-23T20:20:23.748+07:00  INFO 11032 --- [springboot] [main] com.zaxxer.hikari.HikariDataSource       : HikariPool-1 - Start completed.
2026-06-23T20:20:23.826+07:00  INFO 11032 --- [springboot] [main] org.hibernate.orm.connections.pooling    : HHH10001005: Database info:
	Database JDBC URL [jdbc:h2:mem:testdb]
	Database driver: H2 JDBC Driver
	Database dialect: H2Dialect
	Database version: 2.4.240
	Default catalog/schema: TESTDB/PUBLIC
	Autocommit mode: undefined/unknown
	Isolation level: READ_COMMITTED [default READ_COMMITTED]
	JDBC fetch size: 100
	Pool: DataSourceConnectionProvider
	Minimum pool size: undefined/unknown
	Maximum pool size: undefined/unknown
2026-06-23T20:20:24.603+07:00  INFO 11032 --- [springboot] [main] org.hibernate.orm.core                   : HHH000182: No default (no-argument) constructor for class [com.webservice.springboot.hello] (class must be instantiated by Interceptor)
2026-06-23T20:20:24.809+07:00  INFO 11032 --- [springboot] [main] org.hibernate.orm.core                   : HHH000489: No JTA platform available (set 'hibernate.transaction.jta.platform' to enable JTA platform integration)
2026-06-23T20:20:24.883+07:00  INFO 11032 --- [springboot] [main] j.LocalContainerEntityManagerFactoryBean : Initialized JPA EntityManagerFactory for persistence unit 'default'
2026-06-23T20:20:24.995+07:00  INFO 11032 --- [springboot] [main] o.s.d.j.r.query.QueryEnhancerFactories   : Hibernate is in classpath; If applicable, HQL parser will be used.
2026-06-23T20:20:25.200+07:00  WARN 11032 --- [springboot] [main] JpaBaseConfiguration$JpaWebConfiguration : spring.jpa.open-in-view is enabled by default. Therefore, database queries may be performed during view rendering. Explicitly configure spring.jpa.open-in-view to disable this warning
2026-06-23T20:20:25.754+07:00  INFO 11032 --- [springboot] [main] o.s.b.t.m.w.SpringBootMockServletContext : Initializing Spring TestDispatcherServlet ''
2026-06-23T20:20:25.754+07:00  INFO 11032 --- [springboot] [main] o.s.t.web.servlet.TestDispatcherServlet  : Initializing Servlet ''
2026-06-23T20:20:25.757+07:00  INFO 11032 --- [springboot] [main] o.s.t.web.servlet.TestDispatcherServlet  : Completed initialization in 2 ms
2026-06-23T20:20:25.783+07:00  INFO 11032 --- [springboot] [main] c.w.springboot.helloControllerTest       : Started helloControllerTest in 4.825 seconds (process running for 6.372)
2026-06-23T20:20:26.869+07:00  INFO 11032 --- [springboot] [main] t.c.s.AnnotationConfigContextLoaderUtils : Could not detect default configuration classes for test class [com.webservice.springboot.SpringbootApplicationTests]: SpringbootApplicationTests does not declare any static, non-private, non-final, nested classes annotated with @Configuration.
2026-06-23T20:20:26.878+07:00  INFO 11032 --- [springboot] [main] .b.t.c.SpringBootTestContextBootstrapper : Found @SpringBootConfiguration com.webservice.springboot.SpringbootApplication for test class com.webservice.springboot.SpringbootApplicationTests
2026-06-23T20:20:26.881+07:00  INFO 11032 --- [springboot] [main] t.c.s.AnnotationConfigContextLoaderUtils : Could not detect default configuration classes for test class [com.webservice.springboot.SpringbootApplicationTests]: SpringbootApplicationTests does not declare any static, non-private, non-final, nested classes annotated with @Configuration.
2026-06-23T20:20:26.883+07:00  INFO 11032 --- [springboot] [main] .b.t.c.SpringBootTestContextBootstrapper : Found @SpringBootConfiguration com.webservice.springboot.SpringbootApplication for test class com.webservice.springboot.SpringbootApplicationTests
2026-06-23T20:20:26.986+07:00  INFO 11032 --- [springboot] [main] c.w.s.SpringbootApplicationTests         : Starting SpringbootApplicationTests using Java 25.0.3 with PID 11032 (started by chris in D:\Files\WebService\springboot)
2026-06-23T20:20:26.986+07:00 DEBUG 11032 --- [springboot] [main] c.w.s.SpringbootApplicationTests         : Running with Spring Boot v4.1.0, Spring v7.0.8
2026-06-23T20:20:26.986+07:00  INFO 11032 --- [springboot] [main] c.w.s.SpringbootApplicationTests         : No active profile set, falling back to 1 default profile: "default"
2026-06-23T20:20:27.307+07:00  INFO 11032 --- [springboot] [main] .s.d.r.c.RepositoryConfigurationDelegate : Bootstrapping Spring Data JPA repositories in DEFAULT mode.
2026-06-23T20:20:27.317+07:00  INFO 11032 --- [springboot] [main] .s.d.r.c.RepositoryConfigurationDelegate : Finished Spring Data repository scanning in 6 ms. Found 1 JPA repository interface.
2026-06-23T20:20:27.414+07:00  INFO 11032 --- [springboot] [main] org.hibernate.orm.jpa                    : HHH008540: Processing PersistenceUnitInfo [name: default]
2026-06-23T20:20:27.443+07:00  INFO 11032 --- [springboot] [main] o.s.o.j.p.SpringPersistenceUnitInfo      : No LoadTimeWeaver setup: ignoring JPA class transformer
2026-06-23T20:20:27.445+07:00  INFO 11032 --- [springboot] [main] com.zaxxer.hikari.HikariDataSource       : HikariPool-2 - Starting...
2026-06-23T20:20:27.446+07:00  INFO 11032 --- [springboot] [main] com.zaxxer.hikari.pool.HikariPool        : HikariPool-2 - Added connection conn10: url=jdbc:h2:mem:testdb user=SA
2026-06-23T20:20:27.447+07:00  INFO 11032 --- [springboot] [main] com.zaxxer.hikari.HikariDataSource       : HikariPool-2 - Start completed.
2026-06-23T20:20:27.447+07:00  INFO 11032 --- [springboot] [main] org.hibernate.orm.connections.pooling    : HHH10001005: Database info:
	Database JDBC URL [jdbc:h2:mem:testdb]
	Database driver: H2 JDBC Driver
	Database dialect: H2Dialect
	Database version: 2.4.240
	Default catalog/schema: TESTDB/PUBLIC
	Autocommit mode: undefined/unknown
	Isolation level: READ_COMMITTED [default READ_COMMITTED]
	JDBC fetch size: 100
	Pool: DataSourceConnectionProvider
	Minimum pool size: undefined/unknown
	Maximum pool size: undefined/unknown
2026-06-23T20:20:27.479+07:00  INFO 11032 --- [springboot] [main] org.hibernate.orm.core                   : HHH000182: No default (no-argument) constructor for class [com.webservice.springboot.hello] (class must be instantiated by Interceptor)
2026-06-23T20:20:27.484+07:00  INFO 11032 --- [springboot] [main] org.hibernate.orm.core                   : HHH000489: No JTA platform available (set 'hibernate.transaction.jta.platform' to enable JTA platform integration)
2026-06-23T20:20:27.489+07:00  INFO 11032 --- [springboot] [main] j.LocalContainerEntityManagerFactoryBean : Initialized JPA EntityManagerFactory for persistence unit 'default'
2026-06-23T20:20:27.550+07:00  WARN 11032 --- [springboot] [main] JpaBaseConfiguration$JpaWebConfiguration : spring.jpa.open-in-view is enabled by default. Therefore, database queries may be performed during view rendering. Explicitly configure spring.jpa.open-in-view to disable this warning
2026-06-23T20:20:27.688+07:00  INFO 11032 --- [springboot] [main] c.w.s.SpringbootApplicationTests         : Started SpringbootApplicationTests in 0.753 seconds (process running for 8.276)
2026-06-23T20:20:27.743+07:00  INFO 11032 --- [springboot] [SpringApplicationShutdownHook] j.LocalContainerEntityManagerFactoryBean : Closing JPA EntityManagerFactory for persistence unit 'default'
2026-06-23T20:20:27.746+07:00  INFO 11032 --- [springboot] [SpringApplicationShutdownHook] com.zaxxer.hikari.HikariDataSource       : HikariPool-1 - Shutdown initiated...
2026-06-23T20:20:27.749+07:00  INFO 11032 --- [springboot] [SpringApplicationShutdownHook] com.zaxxer.hikari.HikariDataSource       : HikariPool-1 - Shutdown completed.
2026-06-23T20:20:27.752+07:00  INFO 11032 --- [springboot] [SpringApplicationShutdownHook] j.LocalContainerEntityManagerFactoryBean : Closing JPA EntityManagerFactory for persistence unit 'default'
2026-06-23T20:20:27.753+07:00  INFO 11032 --- [springboot] [SpringApplicationShutdownHook] com.zaxxer.hikari.HikariDataSource       : HikariPool-2 - Shutdown initiated...
2026-06-23T20:20:27.762+07:00  INFO 11032 --- [springboot] [SpringApplicationShutdownHook] com.zaxxer.hikari.HikariDataSource       : HikariPool-2 - Shutdown completed.
2026-06-23T20:22:37.585+07:00  INFO 7688 --- [springboot] [main] c.w.springboot.helloControllerTest       : Starting helloControllerTest using Java 25.0.3 with PID 7688 (started by chris in D:\Files\WebService\springboot)
2026-06-23T20:22:37.586+07:00 DEBUG 7688 --- [springboot] [main] c.w.springboot.helloControllerTest       : Running with Spring Boot v4.1.0, Spring v7.0.8
2026-06-23T20:22:37.588+07:00  INFO 7688 --- [springboot] [main] c.w.springboot.helloControllerTest       : No active profile set, falling back to 1 default profile: "default"
2026-06-23T20:22:38.447+07:00  INFO 7688 --- [springboot] [main] .s.d.r.c.RepositoryConfigurationDelegate : Bootstrapping Spring Data JPA repositories in DEFAULT mode.
2026-06-23T20:22:38.521+07:00  INFO 7688 --- [springboot] [main] .s.d.r.c.RepositoryConfigurationDelegate : Finished Spring Data repository scanning in 58 ms. Found 1 JPA repository interface.
2026-06-23T20:22:39.000+07:00  INFO 7688 --- [springboot] [main] org.hibernate.orm.jpa                    : HHH008540: Processing PersistenceUnitInfo [name: default]
2026-06-23T20:22:39.073+07:00  INFO 7688 --- [springboot] [main] org.hibernate.orm.core                   : HHH000001: Hibernate ORM core version 7.4.1.Final
2026-06-23T20:22:39.675+07:00  INFO 7688 --- [springboot] [main] o.s.o.j.p.SpringPersistenceUnitInfo      : No LoadTimeWeaver setup: ignoring JPA class transformer
2026-06-23T20:22:39.719+07:00  INFO 7688 --- [springboot] [main] com.zaxxer.hikari.HikariDataSource       : HikariPool-1 - Starting...
2026-06-23T20:22:39.943+07:00  INFO 7688 --- [springboot] [main] com.zaxxer.hikari.pool.HikariPool        : HikariPool-1 - Added connection conn0: url=jdbc:h2:mem:testdb user=SA
2026-06-23T20:22:39.946+07:00  INFO 7688 --- [springboot] [main] com.zaxxer.hikari.HikariDataSource       : HikariPool-1 - Start completed.
2026-06-23T20:22:40.031+07:00  INFO 7688 --- [springboot] [main] org.hibernate.orm.connections.pooling    : HHH10001005: Database info:
	Database JDBC URL [jdbc:h2:mem:testdb]
	Database driver: H2 JDBC Driver
	Database dialect: H2Dialect
	Database version: 2.4.240
	Default catalog/schema: TESTDB/PUBLIC
	Autocommit mode: undefined/unknown
	Isolation level: READ_COMMITTED [default READ_COMMITTED]
	JDBC fetch size: 100
	Pool: DataSourceConnectionProvider
	Minimum pool size: undefined/unknown
	Maximum pool size: undefined/unknown
2026-06-23T20:22:40.981+07:00  INFO 7688 --- [springboot] [main] org.hibernate.orm.core                   : HHH000489: No JTA platform available (set 'hibernate.transaction.jta.platform' to enable JTA platform integration)
2026-06-23T20:22:41.045+07:00  INFO 7688 --- [springboot] [main] j.LocalContainerEntityManagerFactoryBean : Initialized JPA EntityManagerFactory for persistence unit 'default'
2026-06-23T20:22:41.162+07:00  INFO 7688 --- [springboot] [main] o.s.d.j.r.query.QueryEnhancerFactories   : Hibernate is in classpath; If applicable, HQL parser will be used.
2026-06-23T20:22:41.367+07:00  WARN 7688 --- [springboot] [main] JpaBaseConfiguration$JpaWebConfiguration : spring.jpa.open-in-view is enabled by default. Therefore, database queries may be performed during view rendering. Explicitly configure spring.jpa.open-in-view to disable this warning
2026-06-23T20:22:41.932+07:00  INFO 7688 --- [springboot] [main] o.s.b.t.m.w.SpringBootMockServletContext : Initializing Spring TestDispatcherServlet ''
2026-06-23T20:22:41.933+07:00  INFO 7688 --- [springboot] [main] o.s.t.web.servlet.TestDispatcherServlet  : Initializing Servlet ''
2026-06-23T20:22:41.935+07:00  INFO 7688 --- [springboot] [main] o.s.t.web.servlet.TestDispatcherServlet  : Completed initialization in 2 ms
2026-06-23T20:22:41.961+07:00  INFO 7688 --- [springboot] [main] c.w.springboot.helloControllerTest       : Started helloControllerTest in 4.785 seconds (process running for 6.269)
2026-06-23T20:22:42.932+07:00  INFO 7688 --- [springboot] [main] t.c.s.AnnotationConfigContextLoaderUtils : Could not detect default configuration classes for test class [com.webservice.springboot.SpringbootApplicationTests]: SpringbootApplicationTests does not declare any static, non-private, non-final, nested classes annotated with @Configuration.
2026-06-23T20:22:42.946+07:00  INFO 7688 --- [springboot] [main] .b.t.c.SpringBootTestContextBootstrapper : Found @SpringBootConfiguration com.webservice.springboot.SpringbootApplication for test class com.webservice.springboot.SpringbootApplicationTests
2026-06-23T20:22:42.953+07:00  INFO 7688 --- [springboot] [main] t.c.s.AnnotationConfigContextLoaderUtils : Could not detect default configuration classes for test class [com.webservice.springboot.SpringbootApplicationTests]: SpringbootApplicationTests does not declare any static, non-private, non-final, nested classes annotated with @Configuration.
2026-06-23T20:22:42.955+07:00  INFO 7688 --- [springboot] [main] .b.t.c.SpringBootTestContextBootstrapper : Found @SpringBootConfiguration com.webservice.springboot.SpringbootApplication for test class com.webservice.springboot.SpringbootApplicationTests
2026-06-23T20:22:43.046+07:00  INFO 7688 --- [springboot] [main] c.w.s.SpringbootApplicationTests         : Starting SpringbootApplicationTests using Java 25.0.3 with PID 7688 (started by chris in D:\Files\WebService\springboot)
2026-06-23T20:22:43.047+07:00 DEBUG 7688 --- [springboot] [main] c.w.s.SpringbootApplicationTests         : Running with Spring Boot v4.1.0, Spring v7.0.8
2026-06-23T20:22:43.047+07:00  INFO 7688 --- [springboot] [main] c.w.s.SpringbootApplicationTests         : No active profile set, falling back to 1 default profile: "default"
2026-06-23T20:22:43.359+07:00  INFO 7688 --- [springboot] [main] .s.d.r.c.RepositoryConfigurationDelegate : Bootstrapping Spring Data JPA repositories in DEFAULT mode.
2026-06-23T20:22:43.370+07:00  INFO 7688 --- [springboot] [main] .s.d.r.c.RepositoryConfigurationDelegate : Finished Spring Data repository scanning in 7 ms. Found 1 JPA repository interface.
2026-06-23T20:22:43.541+07:00  INFO 7688 --- [springboot] [main] org.hibernate.orm.jpa                    : HHH008540: Processing PersistenceUnitInfo [name: default]
2026-06-23T20:22:43.568+07:00  INFO 7688 --- [springboot] [main] o.s.o.j.p.SpringPersistenceUnitInfo      : No LoadTimeWeaver setup: ignoring JPA class transformer
2026-06-23T20:22:43.569+07:00  INFO 7688 --- [springboot] [main] com.zaxxer.hikari.HikariDataSource       : HikariPool-2 - Starting...
2026-06-23T20:22:43.571+07:00  INFO 7688 --- [springboot] [main] com.zaxxer.hikari.pool.HikariPool        : HikariPool-2 - Added connection conn10: url=jdbc:h2:mem:testdb user=SA
2026-06-23T20:22:43.571+07:00  INFO 7688 --- [springboot] [main] com.zaxxer.hikari.HikariDataSource       : HikariPool-2 - Start completed.
2026-06-23T20:22:43.572+07:00  INFO 7688 --- [springboot] [main] org.hibernate.orm.connections.pooling    : HHH10001005: Database info:
	Database JDBC URL [jdbc:h2:mem:testdb]
	Database driver: H2 JDBC Driver
	Database dialect: H2Dialect
	Database version: 2.4.240
	Default catalog/schema: TESTDB/PUBLIC
	Autocommit mode: undefined/unknown
	Isolation level: READ_COMMITTED [default READ_COMMITTED]
	JDBC fetch size: 100
	Pool: DataSourceConnectionProvider
	Minimum pool size: undefined/unknown
	Maximum pool size: undefined/unknown
2026-06-23T20:22:43.608+07:00  INFO 7688 --- [springboot] [main] org.hibernate.orm.core                   : HHH000489: No JTA platform available (set 'hibernate.transaction.jta.platform' to enable JTA platform integration)
2026-06-23T20:22:43.614+07:00  INFO 7688 --- [springboot] [main] j.LocalContainerEntityManagerFactoryBean : Initialized JPA EntityManagerFactory for persistence unit 'default'
2026-06-23T20:22:43.664+07:00  WARN 7688 --- [springboot] [main] JpaBaseConfiguration$JpaWebConfiguration : spring.jpa.open-in-view is enabled by default. Therefore, database queries may be performed during view rendering. Explicitly configure spring.jpa.open-in-view to disable this warning
2026-06-23T20:22:43.800+07:00  INFO 7688 --- [springboot] [main] c.w.s.SpringbootApplicationTests         : Started SpringbootApplicationTests in 0.83 seconds (process running for 8.109)
2026-06-23T20:22:43.864+07:00  INFO 7688 --- [springboot] [SpringApplicationShutdownHook] j.LocalContainerEntityManagerFactoryBean : Closing JPA EntityManagerFactory for persistence unit 'default'
2026-06-23T20:22:43.868+07:00  INFO 7688 --- [springboot] [SpringApplicationShutdownHook] com.zaxxer.hikari.HikariDataSource       : HikariPool-1 - Shutdown initiated...
2026-06-23T20:22:43.871+07:00  INFO 7688 --- [springboot] [SpringApplicationShutdownHook] com.zaxxer.hikari.HikariDataSource       : HikariPool-1 - Shutdown completed.
2026-06-23T20:22:43.873+07:00  INFO 7688 --- [springboot] [SpringApplicationShutdownHook] j.LocalContainerEntityManagerFactoryBean : Closing JPA EntityManagerFactory for persistence unit 'default'
2026-06-23T20:22:43.874+07:00  INFO 7688 --- [springboot] [SpringApplicationShutdownHook] com.zaxxer.hikari.HikariDataSource       : HikariPool-2 - Shutdown initiated...
2026-06-23T20:22:43.888+07:00  INFO 7688 --- [springboot] [SpringApplicationShutdownHook] com.zaxxer.hikari.HikariDataSource       : HikariPool-2 - Shutdown completed.
2026-06-23T20:25:39.479+07:00  INFO 10860 --- [springboot] [http-nio-8081-exec-3] o.a.c.c.C.[Tomcat].[localhost].[/]       : Initializing Spring DispatcherServlet 'dispatcherServlet'
2026-06-23T20:25:39.480+07:00  INFO 10860 --- [springboot] [http-nio-8081-exec-3] o.s.web.servlet.DispatcherServlet        : Initializing Servlet 'dispatcherServlet'
2026-06-23T20:25:39.481+07:00  INFO 10860 --- [springboot] [http-nio-8081-exec-3] o.s.web.servlet.DispatcherServlet        : Completed initialization in 1 ms
2026-06-23T20:26:21.804+07:00 ERROR 10860 --- [springboot] [http-nio-8081-exec-4] o.a.c.c.C.[.[.[/].[dispatcherServlet]    : Servlet.service() for servlet [dispatcherServlet] in context with path [] threw exception [Request processing failed: org.springframework.orm.jpa.JpaSystemException: No default constructor for entity 'com.webservice.springboot.hello'] with root cause

org.hibernate.InstantiationException: No default constructor for entity 'com.webservice.springboot.hello'
	at org.hibernate.metamodel.internal.EntityInstantiatorPojoStandard.instantiate(EntityInstantiatorPojoStandard.java:94) ~[hibernate-core-7.4.1.Final.jar:7.4.1.Final]
	at org.hibernate.persister.entity.AbstractEntityPersister.instantiate(AbstractEntityPersister.java:4398) ~[hibernate-core-7.4.1.Final.jar:7.4.1.Final]
	at org.hibernate.internal.SessionImpl.instantiate(SessionImpl.java:1559) ~[hibernate-core-7.4.1.Final.jar:7.4.1.Final]
	at org.hibernate.sql.results.graph.entity.internal.EntityInitializerImpl.instantiateEntity(EntityInitializerImpl.java:1546) ~[hibernate-core-7.4.1.Final.jar:7.4.1.Final]
	at org.hibernate.sql.results.graph.entity.internal.EntityInitializerImpl.resolveEntityInstance(EntityInitializerImpl.java:1538) ~[hibernate-core-7.4.1.Final.jar:7.4.1.Final]
	at org.hibernate.sql.results.graph.entity.internal.EntityInitializerImpl.resolveEntityInstance2(EntityInitializerImpl.java:1497) ~[hibernate-core-7.4.1.Final.jar:7.4.1.Final]
	at org.hibernate.sql.results.graph.entity.internal.EntityInitializerImpl.resolveEntityInstance1(EntityInitializerImpl.java:1390) ~[hibernate-core-7.4.1.Final.jar:7.4.1.Final]
	at org.hibernate.sql.results.graph.entity.internal.EntityInitializerImpl.resolveInstance(EntityInitializerImpl.java:1286) ~[hibernate-core-7.4.1.Final.jar:7.4.1.Final]
	at org.hibernate.sql.results.graph.entity.internal.EntityInitializerImpl.resolveKey(EntityInitializerImpl.java:661) ~[hibernate-core-7.4.1.Final.jar:7.4.1.Final]
	at org.hibernate.sql.results.graph.entity.internal.EntityInitializerImpl.resolveKey(EntityInitializerImpl.java:530) ~[hibernate-core-7.4.1.Final.jar:7.4.1.Final]
	at org.hibernate.sql.results.graph.entity.internal.EntityInitializerImpl.resolveKey(EntityInitializerImpl.java:88) ~[hibernate-core-7.4.1.Final.jar:7.4.1.Final]
	at org.hibernate.sql.results.internal.StandardRowReader.coordinateInitializers(StandardRowReader.java:230) ~[hibernate-core-7.4.1.Final.jar:7.4.1.Final]
	at org.hibernate.sql.results.internal.StandardRowReader.readRow(StandardRowReader.java:137) ~[hibernate-core-7.4.1.Final.jar:7.4.1.Final]
	at org.hibernate.sql.results.spi.ListResultsConsumer.read(ListResultsConsumer.java:245) ~[hibernate-core-7.4.1.Final.jar:7.4.1.Final]
	at org.hibernate.sql.results.spi.ListResultsConsumer.readRows(ListResultsConsumer.java:235) ~[hibernate-core-7.4.1.Final.jar:7.4.1.Final]
	at org.hibernate.sql.results.spi.ListResultsConsumer.consume(ListResultsConsumer.java:164) ~[hibernate-core-7.4.1.Final.jar:7.4.1.Final]
	at org.hibernate.sql.results.spi.ListResultsConsumer.consume(ListResultsConsumer.java:31) ~[hibernate-core-7.4.1.Final.jar:7.4.1.Final]
	at org.hibernate.sql.exec.internal.JdbcSelectExecutorStandardImpl.doExecuteQuery(JdbcSelectExecutorStandardImpl.java:213) ~[hibernate-core-7.4.1.Final.jar:7.4.1.Final]
	at org.hibernate.sql.exec.internal.JdbcSelectExecutorStandardImpl.executeQuery(JdbcSelectExecutorStandardImpl.java:100) ~[hibernate-core-7.4.1.Final.jar:7.4.1.Final]
	at org.hibernate.sql.exec.spi.JdbcSelectExecutor.executeQuery(JdbcSelectExecutor.java:63) ~[hibernate-core-7.4.1.Final.jar:7.4.1.Final]
	at org.hibernate.sql.exec.spi.JdbcSelectExecutor.list(JdbcSelectExecutor.java:137) ~[hibernate-core-7.4.1.Final.jar:7.4.1.Final]
	at org.hibernate.query.sqm.internal.ConcreteSqmSelectQueryPlan.lambda$new$1(ConcreteSqmSelectQueryPlan.java:136) ~[hibernate-core-7.4.1.Final.jar:7.4.1.Final]
	at org.hibernate.query.sqm.internal.ConcreteSqmSelectQueryPlan.withCacheableSqmInterpretation(ConcreteSqmSelectQueryPlan.java:484) ~[hibernate-core-7.4.1.Final.jar:7.4.1.Final]
	at org.hibernate.query.sqm.internal.ConcreteSqmSelectQueryPlan.performList(ConcreteSqmSelectQueryPlan.java:411) ~[hibernate-core-7.4.1.Final.jar:7.4.1.Final]
	at org.hibernate.query.sqm.internal.SqmQueryImpl.doList(SqmQueryImpl.java:379) ~[hibernate-core-7.4.1.Final.jar:7.4.1.Final]
	at org.hibernate.query.spi.AbstractSelectionQuery.list(AbstractSelectionQuery.java:153) ~[hibernate-core-7.4.1.Final.jar:7.4.1.Final]
	at org.hibernate.query.Query.getResultList(Query.java:121) ~[hibernate-core-7.4.1.Final.jar:7.4.1.Final]
	at org.springframework.data.jpa.repository.support.SimpleJpaRepository.findAll(SimpleJpaRepository.java:412) ~[spring-data-jpa-4.1.0.jar:4.1.0]
	at java.base/jdk.internal.reflect.DirectMethodHandleAccessor.invoke(DirectMethodHandleAccessor.java:104) ~[na:na]
	at java.base/java.lang.reflect.Method.invoke(Method.java:565) ~[na:na]
	at org.springframework.aop.support.AopUtils.invokeJoinpointUsingReflection(AopUtils.java:359) ~[spring-aop-7.0.8.jar:7.0.8]
	at org.springframework.data.repository.core.support.RepositoryMethodInvoker$RepositoryFragmentMethodInvoker.lambda$new$0(RepositoryMethodInvoker.java:278) ~[spring-data-commons-4.1.0.jar:4.1.0]
	at org.springframework.data.repository.core.support.RepositoryMethodInvoker.doInvoke(RepositoryMethodInvoker.java:169) ~[spring-data-commons-4.1.0.jar:4.1.0]
	at org.springframework.data.repository.core.support.RepositoryMethodInvoker.invoke(RepositoryMethodInvoker.java:158) ~[spring-data-commons-4.1.0.jar:4.1.0]
	at org.springframework.data.repository.core.support.RepositoryComposition$RepositoryFragments.invoke(RepositoryComposition.java:545) ~[spring-data-commons-4.1.0.jar:4.1.0]
	at org.springframework.data.repository.core.support.RepositoryComposition.invoke(RepositoryComposition.java:290) ~[spring-data-commons-4.1.0.jar:4.1.0]
	at org.springframework.data.repository.core.support.RepositoryFactorySupport$ImplementationMethodExecutionInterceptor.invoke(RepositoryFactorySupport.java:690) ~[spring-data-commons-4.1.0.jar:4.1.0]
	at org.springframework.aop.framework.ReflectiveMethodInvocation.proceed(ReflectiveMethodInvocation.java:179) ~[spring-aop-7.0.8.jar:7.0.8]
	at org.springframework.data.repository.core.support.QueryExecutorMethodInterceptor.doInvoke(QueryExecutorMethodInterceptor.java:171) ~[spring-data-commons-4.1.0.jar:4.1.0]
	at org.springframework.data.repository.core.support.QueryExecutorMethodInterceptor.invoke(QueryExecutorMethodInterceptor.java:146) ~[spring-data-commons-4.1.0.jar:4.1.0]
	at org.springframework.aop.framework.ReflectiveMethodInvocation.proceed(ReflectiveMethodInvocation.java:179) ~[spring-aop-7.0.8.jar:7.0.8]
	at org.springframework.data.projection.DefaultMethodInvokingMethodInterceptor.invoke(DefaultMethodInvokingMethodInterceptor.java:69) ~[spring-data-commons-4.1.0.jar:4.1.0]
	at org.springframework.aop.framework.ReflectiveMethodInvocation.proceed(ReflectiveMethodInvocation.java:179) ~[spring-aop-7.0.8.jar:7.0.8]
	at org.springframework.transaction.interceptor.TransactionInterceptor$1.proceedWithInvocation(TransactionInterceptor.java:133) ~[spring-tx-7.0.8.jar:7.0.8]
	at org.springframework.transaction.interceptor.TransactionAspectSupport.invokeWithinTransaction(TransactionAspectSupport.java:371) ~[spring-tx-7.0.8.jar:7.0.8]
	at org.springframework.transaction.interceptor.TransactionInterceptor.invoke(TransactionInterceptor.java:130) ~[spring-tx-7.0.8.jar:7.0.8]
	at org.springframework.aop.framework.ReflectiveMethodInvocation.proceed(ReflectiveMethodInvocation.java:179) ~[spring-aop-7.0.8.jar:7.0.8]
	at org.springframework.dao.support.PersistenceExceptionTranslationInterceptor.invoke(PersistenceExceptionTranslationInterceptor.java:135) ~[spring-tx-7.0.8.jar:7.0.8]
	at org.springframework.aop.framework.ReflectiveMethodInvocation.proceed(ReflectiveMethodInvocation.java:179) ~[spring-aop-7.0.8.jar:7.0.8]
	at org.springframework.data.jpa.repository.support.CrudMethodMetadataPostProcessor$CrudMethodMetadataPopulatingMethodInterceptor.invoke(CrudMethodMetadataPostProcessor.java:166) ~[spring-data-jpa-4.1.0.jar:4.1.0]
	at org.springframework.aop.framework.ReflectiveMethodInvocation.proceed(ReflectiveMethodInvocation.java:179) ~[spring-aop-7.0.8.jar:7.0.8]
	at org.springframework.aop.framework.JdkDynamicAopProxy.invoke(JdkDynamicAopProxy.java:222) ~[spring-aop-7.0.8.jar:7.0.8]
	at jdk.proxy2/jdk.proxy2.$Proxy115.findAll(Unknown Source) ~[na:na]
	at com.webservice.springboot.helloController.getAll(helloController.java:45) ~[classes/:na]
	at java.base/jdk.internal.reflect.DirectMethodHandleAccessor.invoke(DirectMethodHandleAccessor.java:104) ~[na:na]
	at java.base/java.lang.reflect.Method.invoke(Method.java:565) ~[na:na]
	at org.springframework.web.method.support.InvocableHandlerMethod.doInvoke(InvocableHandlerMethod.java:252) ~[spring-web-7.0.8.jar:7.0.8]
	at org.springframework.web.method.support.InvocableHandlerMethod.invokeForRequest(InvocableHandlerMethod.java:184) ~[spring-web-7.0.8.jar:7.0.8]
	at org.springframework.web.servlet.mvc.method.annotation.ServletInvocableHandlerMethod.invokeAndHandle(ServletInvocableHandlerMethod.java:117) ~[spring-webmvc-7.0.8.jar:7.0.8]
	at org.springframework.web.servlet.mvc.method.annotation.RequestMappingHandlerAdapter.invokeHandlerMethod(RequestMappingHandlerAdapter.java:934) ~[spring-webmvc-7.0.8.jar:7.0.8]
	at org.springframework.web.servlet.mvc.method.annotation.RequestMappingHandlerAdapter.handleInternal(RequestMappingHandlerAdapter.java:853) ~[spring-webmvc-7.0.8.jar:7.0.8]
	at org.springframework.web.servlet.mvc.method.AbstractHandlerMethodAdapter.handle(AbstractHandlerMethodAdapter.java:86) ~[spring-webmvc-7.0.8.jar:7.0.8]
	at org.springframework.web.servlet.DispatcherServlet.doDispatch(DispatcherServlet.java:963) ~[spring-webmvc-7.0.8.jar:7.0.8]
	at org.springframework.web.servlet.DispatcherServlet.doService(DispatcherServlet.java:866) ~[spring-webmvc-7.0.8.jar:7.0.8]
	at org.springframework.web.servlet.FrameworkServlet.processRequest(FrameworkServlet.java:1000) ~[spring-webmvc-7.0.8.jar:7.0.8]
	at org.springframework.web.servlet.FrameworkServlet.doGet(FrameworkServlet.java:892) ~[spring-webmvc-7.0.8.jar:7.0.8]
	at jakarta.servlet.http.HttpServlet.service(HttpServlet.java:622) ~[tomcat-embed-core-11.0.22.jar:6.1]
	at org.springframework.web.servlet.FrameworkServlet.service(FrameworkServlet.java:874) ~[spring-webmvc-7.0.8.jar:7.0.8]
	at jakarta.servlet.http.HttpServlet.service(HttpServlet.java:710) ~[tomcat-embed-core-11.0.22.jar:6.1]
	at org.apache.catalina.core.ApplicationFilterChain.doFilter(ApplicationFilterChain.java:128) ~[tomcat-embed-core-11.0.22.jar:11.0.22]
	at org.apache.tomcat.websocket.server.WsFilter.doFilter(WsFilter.java:53) ~[tomcat-embed-websocket-11.0.22.jar:11.0.22]
	at org.apache.catalina.core.ApplicationFilterChain.doFilter(ApplicationFilterChain.java:107) ~[tomcat-embed-core-11.0.22.jar:11.0.22]
	at org.springframework.web.filter.RequestContextFilter.doFilterInternal(RequestContextFilter.java:100) ~[spring-web-7.0.8.jar:7.0.8]
	at org.springframework.web.filter.OncePerRequestFilter.doFilter(OncePerRequestFilter.java:116) ~[spring-web-7.0.8.jar:7.0.8]
	at org.apache.catalina.core.ApplicationFilterChain.doFilter(ApplicationFilterChain.java:107) ~[tomcat-embed-core-11.0.22.jar:11.0.22]
	at org.springframework.web.filter.FormContentFilter.doFilterInternal(FormContentFilter.java:93) ~[spring-web-7.0.8.jar:7.0.8]
	at org.springframework.web.filter.OncePerRequestFilter.doFilter(OncePerRequestFilter.java:116) ~[spring-web-7.0.8.jar:7.0.8]
	at org.apache.catalina.core.ApplicationFilterChain.doFilter(ApplicationFilterChain.java:107) ~[tomcat-embed-core-11.0.22.jar:11.0.22]
	at org.springframework.web.filter.CharacterEncodingFilter.doFilterInternal(CharacterEncodingFilter.java:199) ~[spring-web-7.0.8.jar:7.0.8]
	at org.springframework.web.filter.OncePerRequestFilter.doFilter(OncePerRequestFilter.java:116) ~[spring-web-7.0.8.jar:7.0.8]
	at org.apache.catalina.core.ApplicationFilterChain.doFilter(ApplicationFilterChain.java:107) ~[tomcat-embed-core-11.0.22.jar:11.0.22]
	at org.apache.catalina.core.StandardWrapperValve.invoke(StandardWrapperValve.java:165) ~[tomcat-embed-core-11.0.22.jar:11.0.22]
	at org.apache.catalina.core.StandardContextValve.invoke(StandardContextValve.java:77) ~[tomcat-embed-core-11.0.22.jar:11.0.22]
	at org.apache.catalina.authenticator.AuthenticatorBase.invoke(AuthenticatorBase.java:492) ~[tomcat-embed-core-11.0.22.jar:11.0.22]
	at org.apache.catalina.core.StandardHostValve.invoke(StandardHostValve.java:113) ~[tomcat-embed-core-11.0.22.jar:11.0.22]
	at org.apache.catalina.valves.ErrorReportValve.invoke(ErrorReportValve.java:83) ~[tomcat-embed-core-11.0.22.jar:11.0.22]
	at org.apache.catalina.core.StandardEngineValve.invoke(StandardEngineValve.java:72) ~[tomcat-embed-core-11.0.22.jar:11.0.22]
	at org.apache.catalina.connector.CoyoteAdapter.service(CoyoteAdapter.java:341) ~[tomcat-embed-core-11.0.22.jar:11.0.22]
	at org.apache.coyote.http11.Http11Processor.service(Http11Processor.java:397) ~[tomcat-embed-core-11.0.22.jar:11.0.22]
	at org.apache.coyote.AbstractProcessorLight.process(AbstractProcessorLight.java:63) ~[tomcat-embed-core-11.0.22.jar:11.0.22]
	at org.apache.coyote.AbstractProtocol$ConnectionHandler.process(AbstractProtocol.java:1272) ~[tomcat-embed-core-11.0.22.jar:11.0.22]
	at org.apache.tomcat.util.net.NioEndpoint$SocketProcessor.doRun(NioEndpoint.java:1801) ~[tomcat-embed-core-11.0.22.jar:11.0.22]
	at org.apache.tomcat.util.net.SocketProcessorBase.run(SocketProcessorBase.java:52) ~[tomcat-embed-core-11.0.22.jar:11.0.22]
	at org.apache.tomcat.util.threads.ThreadPoolExecutor.runWorker(ThreadPoolExecutor.java:946) ~[tomcat-embed-core-11.0.22.jar:11.0.22]
	at org.apache.tomcat.util.threads.ThreadPoolExecutor$Worker.run(ThreadPoolExecutor.java:480) ~[tomcat-embed-core-11.0.22.jar:11.0.22]
	at org.apache.tomcat.util.threads.TaskThread$WrappingRunnable.run(TaskThread.java:57) ~[tomcat-embed-core-11.0.22.jar:11.0.22]
	at java.base/java.lang.Thread.run(Thread.java:1474) ~[na:na]

2026-06-23T20:26:36.171+07:00 ERROR 10860 --- [springboot] [http-nio-8081-exec-6] o.a.c.c.C.[.[.[/].[dispatcherServlet]    : Servlet.service() for servlet [dispatcherServlet] in context with path [] threw exception [Request processing failed: org.springframework.orm.jpa.JpaSystemException: No default constructor for entity 'com.webservice.springboot.hello'] with root cause

org.hibernate.InstantiationException: No default constructor for entity 'com.webservice.springboot.hello'
	at org.hibernate.metamodel.internal.EntityInstantiatorPojoStandard.instantiate(EntityInstantiatorPojoStandard.java:94) ~[hibernate-core-7.4.1.Final.jar:7.4.1.Final]
	at org.hibernate.persister.entity.AbstractEntityPersister.instantiate(AbstractEntityPersister.java:4398) ~[hibernate-core-7.4.1.Final.jar:7.4.1.Final]
	at org.hibernate.internal.SessionImpl.instantiate(SessionImpl.java:1559) ~[hibernate-core-7.4.1.Final.jar:7.4.1.Final]
	at org.hibernate.sql.results.graph.entity.internal.EntityInitializerImpl.instantiateEntity(EntityInitializerImpl.java:1546) ~[hibernate-core-7.4.1.Final.jar:7.4.1.Final]
	at org.hibernate.sql.results.graph.entity.internal.EntityInitializerImpl.resolveEntityInstance(EntityInitializerImpl.java:1538) ~[hibernate-core-7.4.1.Final.jar:7.4.1.Final]
	at org.hibernate.sql.results.graph.entity.internal.EntityInitializerImpl.resolveEntityInstance2(EntityInitializerImpl.java:1497) ~[hibernate-core-7.4.1.Final.jar:7.4.1.Final]
	at org.hibernate.sql.results.graph.entity.internal.EntityInitializerImpl.resolveEntityInstance1(EntityInitializerImpl.java:1390) ~[hibernate-core-7.4.1.Final.jar:7.4.1.Final]
	at org.hibernate.sql.results.graph.entity.internal.EntityInitializerImpl.resolveInstance(EntityInitializerImpl.java:1286) ~[hibernate-core-7.4.1.Final.jar:7.4.1.Final]
	at org.hibernate.sql.results.graph.entity.internal.EntityInitializerImpl.resolveKey(EntityInitializerImpl.java:661) ~[hibernate-core-7.4.1.Final.jar:7.4.1.Final]
	at org.hibernate.sql.results.graph.entity.internal.EntityInitializerImpl.resolveKey(EntityInitializerImpl.java:530) ~[hibernate-core-7.4.1.Final.jar:7.4.1.Final]
	at org.hibernate.sql.results.graph.entity.internal.EntityInitializerImpl.resolveKey(EntityInitializerImpl.java:88) ~[hibernate-core-7.4.1.Final.jar:7.4.1.Final]
	at org.hibernate.sql.results.internal.StandardRowReader.coordinateInitializers(StandardRowReader.java:230) ~[hibernate-core-7.4.1.Final.jar:7.4.1.Final]
	at org.hibernate.sql.results.internal.StandardRowReader.readRow(StandardRowReader.java:137) ~[hibernate-core-7.4.1.Final.jar:7.4.1.Final]
	at org.hibernate.sql.results.spi.ListResultsConsumer.read(ListResultsConsumer.java:245) ~[hibernate-core-7.4.1.Final.jar:7.4.1.Final]
	at org.hibernate.sql.results.spi.ListResultsConsumer.readRows(ListResultsConsumer.java:235) ~[hibernate-core-7.4.1.Final.jar:7.4.1.Final]
	at org.hibernate.sql.results.spi.ListResultsConsumer.consume(ListResultsConsumer.java:164) ~[hibernate-core-7.4.1.Final.jar:7.4.1.Final]
	at org.hibernate.sql.results.spi.ListResultsConsumer.consume(ListResultsConsumer.java:31) ~[hibernate-core-7.4.1.Final.jar:7.4.1.Final]
	at org.hibernate.sql.exec.internal.JdbcSelectExecutorStandardImpl.doExecuteQuery(JdbcSelectExecutorStandardImpl.java:213) ~[hibernate-core-7.4.1.Final.jar:7.4.1.Final]
	at org.hibernate.sql.exec.internal.JdbcSelectExecutorStandardImpl.executeQuery(JdbcSelectExecutorStandardImpl.java:100) ~[hibernate-core-7.4.1.Final.jar:7.4.1.Final]
	at org.hibernate.sql.exec.spi.JdbcSelectExecutor.executeQuery(JdbcSelectExecutor.java:63) ~[hibernate-core-7.4.1.Final.jar:7.4.1.Final]
	at org.hibernate.sql.exec.spi.JdbcSelectExecutor.list(JdbcSelectExecutor.java:137) ~[hibernate-core-7.4.1.Final.jar:7.4.1.Final]
	at org.hibernate.query.sqm.internal.ConcreteSqmSelectQueryPlan.lambda$new$1(ConcreteSqmSelectQueryPlan.java:136) ~[hibernate-core-7.4.1.Final.jar:7.4.1.Final]
	at org.hibernate.query.sqm.internal.ConcreteSqmSelectQueryPlan.withCacheableSqmInterpretation(ConcreteSqmSelectQueryPlan.java:484) ~[hibernate-core-7.4.1.Final.jar:7.4.1.Final]
	at org.hibernate.query.sqm.internal.ConcreteSqmSelectQueryPlan.performList(ConcreteSqmSelectQueryPlan.java:411) ~[hibernate-core-7.4.1.Final.jar:7.4.1.Final]
	at org.hibernate.query.sqm.internal.SqmQueryImpl.doList(SqmQueryImpl.java:379) ~[hibernate-core-7.4.1.Final.jar:7.4.1.Final]
	at org.hibernate.query.spi.AbstractSelectionQuery.list(AbstractSelectionQuery.java:153) ~[hibernate-core-7.4.1.Final.jar:7.4.1.Final]
	at org.hibernate.query.Query.getResultList(Query.java:121) ~[hibernate-core-7.4.1.Final.jar:7.4.1.Final]
	at org.springframework.data.jpa.repository.support.SimpleJpaRepository.findAll(SimpleJpaRepository.java:412) ~[spring-data-jpa-4.1.0.jar:4.1.0]
	at java.base/jdk.internal.reflect.DirectMethodHandleAccessor.invoke(DirectMethodHandleAccessor.java:104) ~[na:na]
	at java.base/java.lang.reflect.Method.invoke(Method.java:565) ~[na:na]
	at org.springframework.aop.support.AopUtils.invokeJoinpointUsingReflection(AopUtils.java:359) ~[spring-aop-7.0.8.jar:7.0.8]
	at org.springframework.data.repository.core.support.RepositoryMethodInvoker$RepositoryFragmentMethodInvoker.lambda$new$0(RepositoryMethodInvoker.java:278) ~[spring-data-commons-4.1.0.jar:4.1.0]
	at org.springframework.data.repository.core.support.RepositoryMethodInvoker.doInvoke(RepositoryMethodInvoker.java:169) ~[spring-data-commons-4.1.0.jar:4.1.0]
	at org.springframework.data.repository.core.support.RepositoryMethodInvoker.invoke(RepositoryMethodInvoker.java:158) ~[spring-data-commons-4.1.0.jar:4.1.0]
	at org.springframework.data.repository.core.support.RepositoryComposition$RepositoryFragments.invoke(RepositoryComposition.java:545) ~[spring-data-commons-4.1.0.jar:4.1.0]
	at org.springframework.data.repository.core.support.RepositoryComposition.invoke(RepositoryComposition.java:290) ~[spring-data-commons-4.1.0.jar:4.1.0]
	at org.springframework.data.repository.core.support.RepositoryFactorySupport$ImplementationMethodExecutionInterceptor.invoke(RepositoryFactorySupport.java:690) ~[spring-data-commons-4.1.0.jar:4.1.0]
	at org.springframework.aop.framework.ReflectiveMethodInvocation.proceed(ReflectiveMethodInvocation.java:179) ~[spring-aop-7.0.8.jar:7.0.8]
	at org.springframework.data.repository.core.support.QueryExecutorMethodInterceptor.doInvoke(QueryExecutorMethodInterceptor.java:171) ~[spring-data-commons-4.1.0.jar:4.1.0]
	at org.springframework.data.repository.core.support.QueryExecutorMethodInterceptor.invoke(QueryExecutorMethodInterceptor.java:146) ~[spring-data-commons-4.1.0.jar:4.1.0]
	at org.springframework.aop.framework.ReflectiveMethodInvocation.proceed(ReflectiveMethodInvocation.java:179) ~[spring-aop-7.0.8.jar:7.0.8]
	at org.springframework.data.projection.DefaultMethodInvokingMethodInterceptor.invoke(DefaultMethodInvokingMethodInterceptor.java:69) ~[spring-data-commons-4.1.0.jar:4.1.0]
	at org.springframework.aop.framework.ReflectiveMethodInvocation.proceed(ReflectiveMethodInvocation.java:179) ~[spring-aop-7.0.8.jar:7.0.8]
	at org.springframework.transaction.interceptor.TransactionInterceptor$1.proceedWithInvocation(TransactionInterceptor.java:133) ~[spring-tx-7.0.8.jar:7.0.8]
	at org.springframework.transaction.interceptor.TransactionAspectSupport.invokeWithinTransaction(TransactionAspectSupport.java:371) ~[spring-tx-7.0.8.jar:7.0.8]
	at org.springframework.transaction.interceptor.TransactionInterceptor.invoke(TransactionInterceptor.java:130) ~[spring-tx-7.0.8.jar:7.0.8]
	at org.springframework.aop.framework.ReflectiveMethodInvocation.proceed(ReflectiveMethodInvocation.java:179) ~[spring-aop-7.0.8.jar:7.0.8]
	at org.springframework.dao.support.PersistenceExceptionTranslationInterceptor.invoke(PersistenceExceptionTranslationInterceptor.java:135) ~[spring-tx-7.0.8.jar:7.0.8]
	at org.springframework.aop.framework.ReflectiveMethodInvocation.proceed(ReflectiveMethodInvocation.java:179) ~[spring-aop-7.0.8.jar:7.0.8]
	at org.springframework.data.jpa.repository.support.CrudMethodMetadataPostProcessor$CrudMethodMetadataPopulatingMethodInterceptor.invoke(CrudMethodMetadataPostProcessor.java:166) ~[spring-data-jpa-4.1.0.jar:4.1.0]
	at org.springframework.aop.framework.ReflectiveMethodInvocation.proceed(ReflectiveMethodInvocation.java:179) ~[spring-aop-7.0.8.jar:7.0.8]
	at org.springframework.aop.framework.JdkDynamicAopProxy.invoke(JdkDynamicAopProxy.java:222) ~[spring-aop-7.0.8.jar:7.0.8]
	at jdk.proxy2/jdk.proxy2.$Proxy115.findAll(Unknown Source) ~[na:na]
	at com.webservice.springboot.helloController.getAll(helloController.java:45) ~[classes/:na]
	at java.base/jdk.internal.reflect.DirectMethodHandleAccessor.invoke(DirectMethodHandleAccessor.java:104) ~[na:na]
	at java.base/java.lang.reflect.Method.invoke(Method.java:565) ~[na:na]
	at org.springframework.web.method.support.InvocableHandlerMethod.doInvoke(InvocableHandlerMethod.java:252) ~[spring-web-7.0.8.jar:7.0.8]
	at org.springframework.web.method.support.InvocableHandlerMethod.invokeForRequest(InvocableHandlerMethod.java:184) ~[spring-web-7.0.8.jar:7.0.8]
	at org.springframework.web.servlet.mvc.method.annotation.ServletInvocableHandlerMethod.invokeAndHandle(ServletInvocableHandlerMethod.java:117) ~[spring-webmvc-7.0.8.jar:7.0.8]
	at org.springframework.web.servlet.mvc.method.annotation.RequestMappingHandlerAdapter.invokeHandlerMethod(RequestMappingHandlerAdapter.java:934) ~[spring-webmvc-7.0.8.jar:7.0.8]
	at org.springframework.web.servlet.mvc.method.annotation.RequestMappingHandlerAdapter.handleInternal(RequestMappingHandlerAdapter.java:853) ~[spring-webmvc-7.0.8.jar:7.0.8]
	at org.springframework.web.servlet.mvc.method.AbstractHandlerMethodAdapter.handle(AbstractHandlerMethodAdapter.java:86) ~[spring-webmvc-7.0.8.jar:7.0.8]
	at org.springframework.web.servlet.DispatcherServlet.doDispatch(DispatcherServlet.java:963) ~[spring-webmvc-7.0.8.jar:7.0.8]
	at org.springframework.web.servlet.DispatcherServlet.doService(DispatcherServlet.java:866) ~[spring-webmvc-7.0.8.jar:7.0.8]
	at org.springframework.web.servlet.FrameworkServlet.processRequest(FrameworkServlet.java:1000) ~[spring-webmvc-7.0.8.jar:7.0.8]
	at org.springframework.web.servlet.FrameworkServlet.doGet(FrameworkServlet.java:892) ~[spring-webmvc-7.0.8.jar:7.0.8]
	at jakarta.servlet.http.HttpServlet.service(HttpServlet.java:622) ~[tomcat-embed-core-11.0.22.jar:6.1]
	at org.springframework.web.servlet.FrameworkServlet.service(FrameworkServlet.java:874) ~[spring-webmvc-7.0.8.jar:7.0.8]
	at jakarta.servlet.http.HttpServlet.service(HttpServlet.java:710) ~[tomcat-embed-core-11.0.22.jar:6.1]
	at org.apache.catalina.core.ApplicationFilterChain.doFilter(ApplicationFilterChain.java:128) ~[tomcat-embed-core-11.0.22.jar:11.0.22]
	at org.apache.tomcat.websocket.server.WsFilter.doFilter(WsFilter.java:53) ~[tomcat-embed-websocket-11.0.22.jar:11.0.22]
	at org.apache.catalina.core.ApplicationFilterChain.doFilter(ApplicationFilterChain.java:107) ~[tomcat-embed-core-11.0.22.jar:11.0.22]
	at org.springframework.web.filter.RequestContextFilter.doFilterInternal(RequestContextFilter.java:100) ~[spring-web-7.0.8.jar:7.0.8]
	at org.springframework.web.filter.OncePerRequestFilter.doFilter(OncePerRequestFilter.java:116) ~[spring-web-7.0.8.jar:7.0.8]
	at org.apache.catalina.core.ApplicationFilterChain.doFilter(ApplicationFilterChain.java:107) ~[tomcat-embed-core-11.0.22.jar:11.0.22]
	at org.springframework.web.filter.FormContentFilter.doFilterInternal(FormContentFilter.java:93) ~[spring-web-7.0.8.jar:7.0.8]
	at org.springframework.web.filter.OncePerRequestFilter.doFilter(OncePerRequestFilter.java:116) ~[spring-web-7.0.8.jar:7.0.8]
	at org.apache.catalina.core.ApplicationFilterChain.doFilter(ApplicationFilterChain.java:107) ~[tomcat-embed-core-11.0.22.jar:11.0.22]
	at org.springframework.web.filter.CharacterEncodingFilter.doFilterInternal(CharacterEncodingFilter.java:199) ~[spring-web-7.0.8.jar:7.0.8]
	at org.springframework.web.filter.OncePerRequestFilter.doFilter(OncePerRequestFilter.java:116) ~[spring-web-7.0.8.jar:7.0.8]
	at org.apache.catalina.core.ApplicationFilterChain.doFilter(ApplicationFilterChain.java:107) ~[tomcat-embed-core-11.0.22.jar:11.0.22]
	at org.apache.catalina.core.StandardWrapperValve.invoke(StandardWrapperValve.java:165) ~[tomcat-embed-core-11.0.22.jar:11.0.22]
	at org.apache.catalina.core.StandardContextValve.invoke(StandardContextValve.java:77) ~[tomcat-embed-core-11.0.22.jar:11.0.22]
	at org.apache.catalina.authenticator.AuthenticatorBase.invoke(AuthenticatorBase.java:492) ~[tomcat-embed-core-11.0.22.jar:11.0.22]
	at org.apache.catalina.core.StandardHostValve.invoke(StandardHostValve.java:113) ~[tomcat-embed-core-11.0.22.jar:11.0.22]
	at org.apache.catalina.valves.ErrorReportValve.invoke(ErrorReportValve.java:83) ~[tomcat-embed-core-11.0.22.jar:11.0.22]
	at org.apache.catalina.core.StandardEngineValve.invoke(StandardEngineValve.java:72) ~[tomcat-embed-core-11.0.22.jar:11.0.22]
	at org.apache.catalina.connector.CoyoteAdapter.service(CoyoteAdapter.java:341) ~[tomcat-embed-core-11.0.22.jar:11.0.22]
	at org.apache.coyote.http11.Http11Processor.service(Http11Processor.java:397) ~[tomcat-embed-core-11.0.22.jar:11.0.22]
	at org.apache.coyote.AbstractProcessorLight.process(AbstractProcessorLight.java:63) ~[tomcat-embed-core-11.0.22.jar:11.0.22]
	at org.apache.coyote.AbstractProtocol$ConnectionHandler.process(AbstractProtocol.java:1272) ~[tomcat-embed-core-11.0.22.jar:11.0.22]
	at org.apache.tomcat.util.net.NioEndpoint$SocketProcessor.doRun(NioEndpoint.java:1801) ~[tomcat-embed-core-11.0.22.jar:11.0.22]
	at org.apache.tomcat.util.net.SocketProcessorBase.run(SocketProcessorBase.java:52) ~[tomcat-embed-core-11.0.22.jar:11.0.22]
	at org.apache.tomcat.util.threads.ThreadPoolExecutor.runWorker(ThreadPoolExecutor.java:946) ~[tomcat-embed-core-11.0.22.jar:11.0.22]
	at org.apache.tomcat.util.threads.ThreadPoolExecutor$Worker.run(ThreadPoolExecutor.java:480) ~[tomcat-embed-core-11.0.22.jar:11.0.22]
	at org.apache.tomcat.util.threads.TaskThread$WrappingRunnable.run(TaskThread.java:57) ~[tomcat-embed-core-11.0.22.jar:11.0.22]
	at java.base/java.lang.Thread.run(Thread.java:1474) ~[na:na]

2026-06-23T20:27:32.420+07:00  INFO 10860 --- [springboot] [SpringApplicationShutdownHook] o.s.boot.tomcat.GracefulShutdown         : Commencing graceful shutdown. Waiting for active requests to complete
2026-06-23T20:27:32.429+07:00  INFO 10860 --- [springboot] [tomcat-shutdown] o.s.boot.tomcat.GracefulShutdown         : Graceful shutdown complete
2026-06-23T20:27:32.432+07:00  INFO 10860 --- [springboot] [SpringApplicationShutdownHook] j.LocalContainerEntityManagerFactoryBean : Closing JPA EntityManagerFactory for persistence unit 'default'
2026-06-23T20:27:32.435+07:00  INFO 10860 --- [springboot] [SpringApplicationShutdownHook] com.zaxxer.hikari.HikariDataSource       : HikariPool-1 - Shutdown initiated...
2026-06-23T20:27:32.437+07:00  INFO 10860 --- [springboot] [SpringApplicationShutdownHook] com.zaxxer.hikari.HikariDataSource       : HikariPool-1 - Shutdown completed.
2026-06-23T20:27:45.093+07:00  INFO 6308 --- [springboot] [main] c.w.springboot.SpringbootApplication     : Starting SpringbootApplication using Java 25.0.3 with PID 6308 (D:\Files\WebService\springboot\target\classes started by chris in D:\Files\WebService\springboot)
2026-06-23T20:27:45.096+07:00 DEBUG 6308 --- [springboot] [main] c.w.springboot.SpringbootApplication     : Running with Spring Boot v4.1.0, Spring v7.0.8
2026-06-23T20:27:45.097+07:00  INFO 6308 --- [springboot] [main] c.w.springboot.SpringbootApplication     : No active profile set, falling back to 1 default profile: "default"
2026-06-23T20:27:45.713+07:00  INFO 6308 --- [springboot] [main] .s.d.r.c.RepositoryConfigurationDelegate : Bootstrapping Spring Data JPA repositories in DEFAULT mode.
2026-06-23T20:27:45.762+07:00  INFO 6308 --- [springboot] [main] .s.d.r.c.RepositoryConfigurationDelegate : Finished Spring Data repository scanning in 41 ms. Found 1 JPA repository interface.
2026-06-23T20:27:46.205+07:00  INFO 6308 --- [springboot] [main] o.s.boot.tomcat.TomcatWebServer          : Tomcat initialized with port 8081 (http)
2026-06-23T20:27:46.220+07:00  INFO 6308 --- [springboot] [main] o.apache.catalina.core.StandardService   : Starting service [Tomcat]
2026-06-23T20:27:46.221+07:00  INFO 6308 --- [springboot] [main] o.apache.catalina.core.StandardEngine    : Starting Servlet engine: [Apache Tomcat/11.0.22]
2026-06-23T20:27:46.295+07:00  INFO 6308 --- [springboot] [main] b.w.c.s.WebApplicationContextInitializer : Root WebApplicationContext: initialization completed in 1147 ms
2026-06-23T20:27:46.472+07:00  INFO 6308 --- [springboot] [main] org.hibernate.orm.jpa                    : HHH008540: Processing PersistenceUnitInfo [name: default]
2026-06-23T20:27:46.535+07:00  INFO 6308 --- [springboot] [main] org.hibernate.orm.core                   : HHH000001: Hibernate ORM core version 7.4.1.Final
2026-06-23T20:27:46.988+07:00  INFO 6308 --- [springboot] [main] o.s.o.j.p.SpringPersistenceUnitInfo      : No LoadTimeWeaver setup: ignoring JPA class transformer
2026-06-23T20:27:47.025+07:00  INFO 6308 --- [springboot] [main] com.zaxxer.hikari.HikariDataSource       : HikariPool-1 - Starting...
2026-06-23T20:27:47.213+07:00  INFO 6308 --- [springboot] [main] com.zaxxer.hikari.pool.HikariPool        : HikariPool-1 - Added connection conn0: url=jdbc:h2:mem:testdb user=SA
2026-06-23T20:27:47.216+07:00  INFO 6308 --- [springboot] [main] com.zaxxer.hikari.HikariDataSource       : HikariPool-1 - Start completed.
2026-06-23T20:27:47.290+07:00  INFO 6308 --- [springboot] [main] org.hibernate.orm.connections.pooling    : HHH10001005: Database info:
	Database JDBC URL [jdbc:h2:mem:testdb]
	Database driver: H2 JDBC Driver
	Database dialect: H2Dialect
	Database version: 2.4.240
	Default catalog/schema: TESTDB/PUBLIC
	Autocommit mode: undefined/unknown
	Isolation level: READ_COMMITTED [default READ_COMMITTED]
	JDBC fetch size: 100
	Pool: DataSourceConnectionProvider
	Minimum pool size: undefined/unknown
	Maximum pool size: undefined/unknown
2026-06-23T20:27:48.135+07:00  INFO 6308 --- [springboot] [main] org.hibernate.orm.core                   : HHH000489: No JTA platform available (set 'hibernate.transaction.jta.platform' to enable JTA platform integration)
2026-06-23T20:27:48.203+07:00  INFO 6308 --- [springboot] [main] j.LocalContainerEntityManagerFactoryBean : Initialized JPA EntityManagerFactory for persistence unit 'default'
2026-06-23T20:27:48.284+07:00  INFO 6308 --- [springboot] [main] o.s.d.j.r.query.QueryEnhancerFactories   : Hibernate is in classpath; If applicable, HQL parser will be used.
2026-06-23T20:27:48.414+07:00  WARN 6308 --- [springboot] [main] JpaBaseConfiguration$JpaWebConfiguration : spring.jpa.open-in-view is enabled by default. Therefore, database queries may be performed during view rendering. Explicitly configure spring.jpa.open-in-view to disable this warning
2026-06-23T20:27:48.743+07:00  INFO 6308 --- [springboot] [main] o.s.boot.tomcat.TomcatWebServer          : Tomcat started on port 8081 (http) with context path '/'
2026-06-23T20:27:48.750+07:00  INFO 6308 --- [springboot] [main] c.w.springboot.SpringbootApplication     : Started SpringbootApplication in 4.112 seconds (process running for 4.537)
2026-06-23T20:27:55.709+07:00  INFO 6308 --- [springboot] [http-nio-8081-exec-2] o.a.c.c.C.[Tomcat].[localhost].[/]       : Initializing Spring DispatcherServlet 'dispatcherServlet'
2026-06-23T20:27:55.710+07:00  INFO 6308 --- [springboot] [http-nio-8081-exec-2] o.s.web.servlet.DispatcherServlet        : Initializing Servlet 'dispatcherServlet'
2026-06-23T20:27:55.711+07:00  INFO 6308 --- [springboot] [http-nio-8081-exec-2] o.s.web.servlet.DispatcherServlet        : Completed initialization in 1 ms
